dataset,method,seed,selector_seed,fold,evaluation_protocol,total_features,selected_features,feature_ratio,fitness,evaluations,runtime_seconds,classifier_seconds,peak_memory_mb,redundancy,parameters,selected_indices,accuracy,balanced_accuracy,f1_score,mcc,roc_auc,pr_auc,sensitivity,specificity,interaction_quality,jaccard_stability,nogueira_stability
breast_cancer,EHOA,387298,487301,outer_1,repeated_nested_cv,30,16,0.5333333333333333,0.034080989876265344,25,0.9247737000005145,0.4037239999997837,0.6417818069458008,0.39566468133682436,"{""bootstrap_count"": 5, ""eta_consolidation"": 0.3, ""eta_exploration"": 0.45, ""interaction_top_k"": 30, ""lambda_interaction"": 0.5, ""lambda_stability"": 0.5, ""reliability_rho"": 0.6, ""reliability_source"": ""resampling"", ""resample_fraction"": 0.8, ""stability_interval"": 2, ""stability_strategy"": ""periodic"", ""weight_schedule"": ""adaptive""}","[1, 2, 4, 6, 10, 13, 15, 16, 18, 21, 22, 23, 25, 27, 28, 29]",0.9578947368421052,0.9521836903775595,0.9666666666666667,0.9097672817424011,0.9721268789205822,0.9724729578942237,0.9747899159663865,0.9295774647887324,-0.2824050344150545,0.39810512243174784,0.09923771880293608
breast_cancer,SF-EHOA,387298,487301,outer_1,repeated_nested_cv,30,17,0.5666666666666667,0.031815898012748325,25,2.4694252999997843,0.2954007999996975,1.4119882583618164,0.39481549258596954,"{""bootstrap_count"": 5, ""eta_consolidation"": 0.3, ""eta_exploration"": 0.45, ""interaction_top_k"": 30, ""lambda_interaction"": 0.5, ""lambda_stability"": 0.5, ""reliability_rho"": 0.6, ""reliability_source"": ""resampling"", ""resample_fraction"": 0.8, ""stability_interval"": 2, ""stability_strategy"": ""periodic"", ""weight_schedule"": ""adaptive""}","[1, 2, 6, 10, 13, 14, 15, 16, 18, 20, 21, 22, 23, 24, 25, 27, 29]",0.9631578947368421,0.9592259438986862,0.9707112970711297,0.9211268105467613,0.9863889217658894,0.9861488876428506,0.9747899159663865,0.9436619718309859,-0.2966755674949449,0.4280925736546469,0.1353182385451951
breast_cancer,IG-EHOA,387298,487301,outer_1,repeated_nested_cv,30,19,0.6333333333333333,0.03246194225721781,25,2.65787040000032,0.3700471000001926,1.4385251998901367,0.41797004280920674,"{""bootstrap_count"": 5, ""eta_consolidation"": 0.3, ""eta_exploration"": 0.45, ""interaction_top_k"": 30, ""lambda_interaction"": 0.5, ""lambda_stability"": 0.5, ""reliability_rho"": 0.6, ""reliability_source"": ""resampling"", ""resample_fraction"": 0.8, ""stability_interval"": 2, ""stability_strategy"": ""periodic"", ""weight_schedule"": ""adaptive""}","[1, 2, 3, 4, 6, 7, 14, 15, 16, 18, 19, 20, 21, 22, 23, 25, 26, 27, 29]",0.9473684210526315,0.9466209018818794,0.9576271186440678,0.8884179691353484,0.9647295537933483,0.9640472471847057,0.9495798319327731,0.9436619718309859,-0.33857629955681,0.4145480067577703,0.10431153593512865
breast_cancer,DFA-EHOA,387298,487301,outer_1,repeated_nested_cv,30,13,0.43333333333333335,0.03829846269216356,25,3.073966800000562,0.327636099999836,1.3899993896484375,0.4262847809802949,"{""bootstrap_count"": 5, ""eta_consolidation"": 0.3, ""eta_exploration"": 0.45, ""interaction_top_k"": 30, ""lambda_interaction"": 0.5, ""lambda_stability"": 0.5, ""reliability_rho"": 0.6, ""reliability_source"": ""resampling"", ""resample_fraction"": 0.8, ""stability_interval"": 2, ""stability_strategy"": ""periodic"", ""weight_schedule"": ""adaptive""}","[1, 2, 3, 7, 12, 13, 16, 18, 20, 25, 27, 28, 29]",0.9578947368421052,0.9550242632264173,0.9663865546218487,0.9100485264528346,0.9754408805775832,0.9750585326208561,0.9663865546218487,0.9436619718309859,-0.2988006545648249,0.42644070124925076,0.15640880858272155
breast_cancer,ECG-EHOA,387298,487301,outer_1,repeated_nested_cv,30,19,0.6333333333333333,0.03246194225721781,25,2.4895661000000473,0.30084509999960574,1.3658132553100586,0.41797004280920674,"{""bootstrap_count"": 5, ""consensus_confidence"": 0.2, ""eta_consolidation"": 0.3, ""eta_exploration"": 0.45, ""evidence_floor"": 0.05, ""interaction_top_k"": 30, ""lambda_interaction"": 0.5, ""lambda_stability"": 0.5, ""minimum_trust"": 0.1, ""reliability_rho"": 0.6, ""reliability_source"": ""resampling"", ""resample_fraction"": 0.8, ""stability_interval"": 2, ""stability_strategy"": ""periodic"", ""trust_decay"": 0.85, ""trust_reward"": 0.2, ""weight_schedule"": ""adaptive""}","[1, 2, 3, 4, 6, 7, 14, 15, 16, 18, 19, 20, 21, 22, 23, 25, 26, 27, 29]",0.9473684210526315,0.9466209018818794,0.9576271186440678,0.8884179691353484,0.9647295537933483,0.9640472471847057,0.9495798319327731,0.9436619718309859,-0.33857629955681,0.4107001695127444,0.11223036223036209
breast_cancer,M-EHOA,387298,487301,outer_1,repeated_nested_cv,30,16,0.5333333333333333,0.02364604424446935,83,2.7072039000004224,0.2877790000002278,0.9221305847167969,0.42564576650696123,"{""bootstrap_count"": 5, ""eta_consolidation"": 0.3, ""eta_exploration"": 0.45, ""interaction_top_k"": 30, ""lambda_interaction"": 0.5, ""lambda_stability"": 0.5, ""reliability_rho"": 0.6, ""reliability_source"": ""resampling"", ""resample_fraction"": 0.8, ""stability_interval"": 2, ""stability_strategy"": ""periodic"", ""weight_schedule"": ""adaptive""}","[1, 2, 4, 6, 10, 13, 15, 16, 18, 20, 22, 23, 25, 27, 28, 29]",0.9578947368421052,0.9521836903775595,0.9666666666666667,0.9097672817424011,0.9681619126523849,0.9661520995936128,0.9747899159663865,0.9295774647887324,-0.31745072780917344,0.3808674344555351,0.11174930744402356
breast_cancer,A-EHOA,387298,487301,outer_1,repeated_nested_cv,30,19,0.6333333333333333,0.03427734760750516,24,0.8781327999995483,0.2630982999999105,0.5674657821655273,0.37559845808981956,"{""bootstrap_count"": 5, ""eta_consolidation"": 0.3, ""eta_exploration"": 0.45, ""interaction_top_k"": 30, ""lambda_interaction"": 0.5, ""lambda_stability"": 0.5, ""reliability_rho"": 0.6, ""reliability_source"": ""resampling"", ""resample_fraction"": 0.8, ""stability_interval"": 2, ""stability_strategy"": ""periodic"", ""weight_schedule"": ""adaptive""}","[1, 2, 6, 9, 10, 13, 14, 15, 16, 18, 20, 21, 22, 23, 24, 25, 27, 28, 29]",0.9631578947368421,0.9563853710498283,0.970954356846473,0.9211492315750531,0.9781630962244052,0.977346092078149,0.9831932773109243,0.9295774647887324,-0.29441895251308475,0.39854592957966806,0.1133705749683146
breast_cancer,G-EHOA,387298,487301,outer_1,repeated_nested_cv,30,30,1.0,0.03585540667923515,25,0.7511364000001777,0.314044599999761,0.63739013671875,0.4008519568608139,"{""bootstrap_count"": 5, ""eta_consolidation"": 0.3, ""eta_exploration"": 0.45, ""interaction_top_k"": 30, ""lambda_interaction"": 0.5, ""lambda_stability"": 0.5, ""reliability_rho"": 0.6, ""reliability_source"": ""resampling"", ""resample_fraction"": 0.8, ""stability_interval"": 2, ""stability_strategy"": ""periodic"", ""weight_schedule"": ""adaptive""}","[0, 1, 2, 3, 4, 5, 6, 7, 8, 9, 10, 11, 12, 13, 14, 15, 16, 17, 18, 19, 20, 21, 22, 23, 24, 25, 26, 27, 28, 29]",0.9578947368421052,0.9521836903775595,0.9666666666666667,0.9097672817424011,0.9879867439933719,0.9871685503354594,0.9747899159663865,0.9295774647887324,-0.4239117889311223,0.5848266922863196,-0.026753681620938607
breast_cancer,EHOA,387298,587304,outer_2,repeated_nested_cv,30,18,0.6,0.04516197975253094,25,0.8130633000000671,0.2920118000001821,0.6134138107299805,0.3930995382930395,"{""bootstrap_count"": 5, ""eta_consolidation"": 0.3, ""eta_exploration"": 0.45, ""interaction_top_k"": 30, ""lambda_interaction"": 0.5, ""lambda_stability"": 0.5, ""reliability_rho"": 0.6, ""reliability_source"": ""resampling"", ""resample_fraction"": 0.8, ""stability_interval"": 2, ""stability_strategy"": ""periodic"", ""weight_schedule"": ""adaptive""}","[0, 1, 2, 3, 4, 6, 9, 10, 14, 15, 17, 18, 22, 23, 24, 25, 27, 29]",0.9315789473684211,0.9311752870162149,0.9446808510638298,0.8555426357490176,0.9768019884009942,0.9755105571389246,0.9327731092436975,0.9295774647887324,-0.32432713352251424,0.39810512243174784,0.09923771880293608
breast_cancer,SF-EHOA,387298,587304,outer_2,repeated_nested_cv,30,18,0.6,0.04516197975253094,25,2.0703798999993523,0.36161530000026687,1.4289073944091797,0.3930995382930395,"{""bootstrap_count"": 5, ""eta_consolidation"": 0.3, ""eta_exploration"": 0.45, ""interaction_top_k"": 30, ""lambda_interaction"": 0.5, ""lambda_stability"": 0.5, ""reliability_rho"": 0.6, ""reliability_source"": ""resampling"", ""resample_fraction"": 0.8, ""stability_interval"": 2, ""stability_strategy"": ""periodic"", ""weight_schedule"": ""adaptive""}","[0, 1, 2, 3, 4, 6, 9, 10, 14, 15, 17, 18, 22, 23, 24, 25, 27, 29]",0.9315789473684211,0.9311752870162149,0.9446808510638298,0.8555426357490176,0.9768019884009942,0.9755105571389246,0.9327731092436975,0.9295774647887324,-0.32432713352251424,0.4280925736546469,0.1353182385451951
breast_cancer,IG-EHOA,387298,587304,outer_2,repeated_nested_cv,30,18,0.6,0.04516197975253094,25,2.5970750000005864,0.3610281000001123,1.3978919982910156,0.3930995382930395,"{""bootstrap_count"": 5, ""eta_consolidation"": 0.3, ""eta_exploration"": 0.45, ""interaction_top_k"": 30, ""lambda_interaction"": 0.5, ""lambda_stability"": 0.5, ""reliability_rho"": 0.6, ""reliability_source"": ""resampling"", ""resample_fraction"": 0.8, ""stability_interval"": 2, ""stability_strategy"": ""periodic"", ""weight_schedule"": ""adaptive""}","[0, 1, 2, 3, 4, 6, 9, 10, 14, 15, 17, 18, 22, 23, 24, 25, 27, 29]",0.9315789473684211,0.9311752870162149,0.9446808510638298,0.8555426357490176,0.9768019884009942,0.9755105571389246,0.9327731092436975,0.9295774647887324,-0.32432713352251424,0.4145480067577703,0.10431153593512865
breast_cancer,DFA-EHOA,387298,587304,outer_2,repeated_nested_cv,30,18,0.6,0.04516197975253094,25,2.5029731000004176,0.28439780000007886,1.3358097076416016,0.3930995382930395,"{""bootstrap_count"": 5, ""eta_consolidation"": 0.3, ""eta_exploration"": 0.45, ""interaction_top_k"": 30, ""lambda_interaction"": 0.5, ""lambda_stability"": 0.5, ""reliability_rho"": 0.6, ""reliability_source"": ""resampling"", ""resample_fraction"": 0.8, ""stability_interval"": 2, ""stability_strategy"": ""periodic"", ""weight_schedule"": ""adaptive""}","[0, 1, 2, 3, 4, 6, 9, 10, 14, 15, 17, 18, 22, 23, 24, 25, 27, 29]",0.9315789473684211,0.9311752870162149,0.9446808510638298,0.8555426357490176,0.9768019884009942,0.9755105571389246,0.9327731092436975,0.9295774647887324,-0.32432713352251424,0.42644070124925076,0.15640880858272155
breast_cancer,ECG-EHOA,387298,587304,outer_2,repeated_nested_cv,30,18,0.6,0.04516197975253094,25,2.311957799999618,0.2909632999999303,1.4786481857299805,0.3930995382930395,"{""bootstrap_count"": 5, ""consensus_confidence"": 0.2, ""eta_consolidation"": 0.3, ""eta_exploration"": 0.45, ""evidence_floor"": 0.05, ""interaction_top_k"": 30, ""lambda_interaction"": 0.5, ""lambda_stability"": 0.5, ""minimum_trust"": 0.1, ""reliability_rho"": 0.6, ""reliability_source"": ""resampling"", ""resample_fraction"": 0.8, ""stability_interval"": 2, ""stability_strategy"": ""periodic"", ""trust_decay"": 0.85, ""trust_reward"": 0.2, ""weight_schedule"": ""adaptive""}","[0, 1, 2, 3, 4, 6, 9, 10, 14, 15, 17, 18, 22, 23, 24, 25, 27, 29]",0.9315789473684211,0.9311752870162149,0.9446808510638298,0.8555426357490176,0.9768019884009942,0.9755105571389246,0.9327731092436975,0.9295774647887324,-0.32432713352251424,0.4107001695127444,0.11223036223036209
breast_cancer,M-EHOA,387298,587304,outer_2,repeated_nested_cv,30,16,0.5333333333333333,0.03670003749531299,84,2.3094342000003962,0.31136549999973795,0.6135454177856445,0.41507427435128885,"{""bootstrap_count"": 5, ""eta_consolidation"": 0.3, ""eta_exploration"": 0.45, ""interaction_top_k"": 30, ""lambda_interaction"": 0.5, ""lambda_stability"": 0.5, ""reliability_rho"": 0.6, ""reliability_source"": ""resampling"", ""resample_fraction"": 0.8, ""stability_interval"": 2, ""stability_strategy"": ""periodic"", ""weight_schedule"": ""adaptive""}","[0, 1, 2, 3, 4, 6, 9, 10, 15, 18, 22, 23, 24, 25, 27, 29]",0.9526315789473684,0.9508225825541484,0.9620253164556962,0.8991477490636924,0.9857379571546928,0.9852195539203181,0.957983193277311,0.9436619718309859,-0.3079464422995132,0.3808674344555351,0.11174930744402356
breast_cancer,A-EHOA,387298,587304,outer_2,repeated_nested_cv,30,18,0.6,0.04430872946404539,25,0.9543284999999742,0.3060847000006106,0.6172313690185547,0.3930995382930395,"{""bootstrap_count"": 5, ""eta_consolidation"": 0.3, ""eta_exploration"": 0.45, ""interaction_top_k"": 30, ""lambda_interaction"": 0.5, ""lambda_stability"": 0.5, ""reliability_rho"": 0.6, ""reliability_source"": ""resampling"", ""resample_fraction"": 0.8, ""stability_interval"": 2, ""stability_strategy"": ""periodic"", ""weight_schedule"": ""adaptive""}","[0, 1, 2, 3, 4, 6, 9, 10, 14, 15, 17, 18, 22, 23, 24, 25, 27, 29]",0.9315789473684211,0.9311752870162149,0.9446808510638298,0.8555426357490176,0.9768019884009942,0.9755105571389246,0.9327731092436975,0.9295774647887324,-0.32432713352251424,0.39854592957966806,0.1133705749683146
breast_cancer,G-EHOA,387298,587304,outer_2,repeated_nested_cv,30,18,0.6,0.04516197975253094,25,0.8783330000005662,0.3041241999999329,0.6583900451660156,0.3930995382930395,"{""bootstrap_count"": 5, ""eta_consolidation"": 0.3, ""eta_exploration"": 0.45, ""interaction_top_k"": 30, ""lambda_interaction"": 0.5, ""lambda_stability"": 0.5, ""reliability_rho"": 0.6, ""reliability_source"": ""resampling"", ""resample_fraction"": 0.8, ""stability_interval"": 2, ""stability_strategy"": ""periodic"", ""weight_schedule"": ""adaptive""}","[0, 1, 2, 3, 4, 6, 9, 10, 14, 15, 17, 18, 22, 23, 24, 25, 27, 29]",0.9315789473684211,0.9311752870162149,0.9446808510638298,0.8555426357490176,0.9768019884009942,0.9755105571389246,0.9327731092436975,0.9295774647887324,-0.32432713352251424,0.5848266922863196,-0.026753681620938607
breast_cancer,EHOA,387298,687307,outer_3,repeated_nested_cv,30,13,0.43333333333333335,0.03819535058117731,24,0.8072118000000046,0.2669504000004963,0.7764768600463867,0.4143091025962718,"{""bootstrap_count"": 5, ""eta_consolidation"": 0.3, ""eta_exploration"": 0.45, ""interaction_top_k"": 30, ""lambda_interaction"": 0.5, ""lambda_stability"": 0.5, ""reliability_rho"": 0.6, ""reliability_source"": ""resampling"", ""resample_fraction"": 0.8, ""stability_interval"": 2, ""stability_strategy"": ""periodic"", ""weight_schedule"": ""adaptive""}","[0, 2, 7, 11, 12, 16, 19, 20, 21, 23, 24, 25, 26]",0.9735449735449735,0.9701680672268908,0.9790794979079498,0.9431710402960837,0.9786914765906363,0.9779452317570625,0.9831932773109243,0.9571428571428572,-0.2364576798119362,0.39810512243174784,0.09923771880293608
breast_cancer,SF-EHOA,387298,687307,outer_3,repeated_nested_cv,30,13,0.43333333333333335,0.03819535058117731,24,2.176437499999338,0.2681633000001966,1.4359054565429688,0.4143091025962718,"{""bootstrap_count"": 5, ""eta_consolidation"": 0.3, ""eta_exploration"": 0.45, ""interaction_top_k"": 30, ""lambda_interaction"": 0.5, ""lambda_stability"": 0.5, ""reliability_rho"": 0.6, ""reliability_source"": ""resampling"", ""resample_fraction"": 0.8, ""stability_interval"": 2, ""stability_strategy"": ""periodic"", ""weight_schedule"": ""adaptive""}","[0, 2, 7, 11, 12, 16, 19, 20, 21, 23, 24, 25, 26]",0.9735449735449735,0.9701680672268908,0.9790794979079498,0.9431710402960837,0.9786914765906363,0.9779452317570625,0.9831932773109243,0.9571428571428572,-0.2364576798119362,0.4280925736546469,0.1353182385451951
breast_cancer,IG-EHOA,387298,687307,outer_3,repeated_nested_cv,30,13,0.43333333333333335,0.046011248593925774,25,2.437050999999883,0.35798739999972895,1.40509033203125,0.35252672804412044,"{""bootstrap_count"": 5, ""eta_consolidation"": 0.3, ""eta_exploration"": 0.45, ""interaction_top_k"": 30, ""lambda_interaction"": 0.5, ""lambda_stability"": 0.5, ""reliability_rho"": 0.6, ""reliability_source"": ""resampling"", ""resample_fraction"": 0.8, ""stability_interval"": 2, ""stability_strategy"": ""periodic"", ""weight_schedule"": ""adaptive""}","[1, 2, 3, 7, 11, 12, 13, 16, 18, 20, 24, 25, 29]",0.9735449735449735,0.9672268907563025,0.979253112033195,0.9433286178446474,0.9899759903961585,0.9887942638401571,0.9915966386554622,0.9428571428571428,-0.12551272275914516,0.4145480067577703,0.10431153593512865
breast_cancer,DFA-EHOA,387298,687307,outer_3,repeated_nested_cv,30,13,0.43333333333333335,0.046011248593925774,25,2.171662799999467,0.2754704999997557,1.4989805221557617,0.35252672804412044,"{""bootstrap_count"": 5, ""eta_consolidation"": 0.3, ""eta_exploration"": 0.45, ""interaction_top_k"": 30, ""lambda_interaction"": 0.5, ""lambda_stability"": 0.5, ""reliability_rho"": 0.6, ""reliability_source"": ""resampling"", ""resample_fraction"": 0.8, ""stability_interval"": 2, ""stability_strategy"": ""periodic"", ""weight_schedule"": ""adaptive""}","[1, 2, 3, 7, 11, 12, 13, 16, 18, 20, 24, 25, 29]",0.9735449735449735,0.9672268907563025,0.979253112033195,0.9433286178446474,0.9899759903961585,0.9887942638401571,0.9915966386554622,0.9428571428571428,-0.12551272275914516,0.42644070124925076,0.15640880858272155
breast_cancer,ECG-EHOA,387298,687307,outer_3,repeated_nested_cv,30,13,0.43333333333333335,0.046011248593925774,25,3.013818999999785,0.2667634999997972,1.4704656600952148,0.35252672804412044,"{""bootstrap_count"": 5, ""consensus_confidence"": 0.2, ""eta_consolidation"": 0.3, ""eta_exploration"": 0.45, ""evidence_floor"": 0.05, ""interaction_top_k"": 30, ""lambda_interaction"": 0.5, ""lambda_stability"": 0.5, ""minimum_trust"": 0.1, ""reliability_rho"": 0.6, ""reliability_source"": ""resampling"", ""resample_fraction"": 0.8, ""stability_interval"": 2, ""stability_strategy"": ""periodic"", ""trust_decay"": 0.85, ""trust_reward"": 0.2, ""weight_schedule"": ""adaptive""}","[1, 2, 3, 7, 11, 12, 13, 16, 18, 20, 24, 25, 29]",0.9735449735449735,0.9672268907563025,0.979253112033195,0.9433286178446474,0.9899759903961585,0.9887942638401571,0.9915966386554622,0.9428571428571428,-0.12551272275914516,0.4107001695127444,0.11223036223036209
breast_cancer,M-EHOA,387298,687307,outer_3,repeated_nested_cv,30,11,0.36666666666666664,0.02973340832395948,79,2.4887578000007125,0.33682580000004236,1.0394783020019531,0.40479089204418156,"{""bootstrap_count"": 5, ""eta_consolidation"": 0.3, ""eta_exploration"": 0.45, ""interaction_top_k"": 30, ""lambda_interaction"": 0.5, ""lambda_stability"": 0.5, ""reliability_rho"": 0.6, ""reliability_source"": ""resampling"", ""resample_fraction"": 0.8, ""stability_interval"": 2, ""stability_strategy"": ""periodic"", ""weight_schedule"": ""adaptive""}","[0, 2, 7, 11, 12, 19, 20, 21, 23, 24, 25]",0.9735449735449735,0.9701680672268908,0.9790794979079498,0.9431710402960837,0.9793517406962785,0.9785687221748602,0.9831932773109243,0.9571428571428572,-0.20724225603323143,0.3808674344555351,0.11174930744402356
breast_cancer,A-EHOA,387298,687307,outer_3,repeated_nested_cv,30,13,0.43333333333333335,0.03967264790376149,22,0.9103218999998717,0.2556112000002031,0.6938638687133789,0.4143091025962718,"{""bootstrap_count"": 5, ""eta_consolidation"": 0.3, ""eta_exploration"": 0.45, ""interaction_top_k"": 30, ""lambda_interaction"": 0.5, ""lambda_stability"": 0.5, ""reliability_rho"": 0.6, ""reliability_source"": ""resampling"", ""resample_fraction"": 0.8, ""stability_interval"": 2, ""stability_strategy"": ""periodic"", ""weight_schedule"": ""adaptive""}","[0, 2, 7, 11, 12, 16, 19, 20, 21, 23, 24, 25, 26]",0.9735449735449735,0.9701680672268908,0.9790794979079498,0.9431710402960837,0.9786914765906363,0.9779452317570625,0.9831932773109243,0.9571428571428572,-0.2364576798119362,0.39854592957966806,0.1133705749683146
breast_cancer,G-EHOA,387298,687307,outer_3,repeated_nested_cv,30,13,0.43333333333333335,0.03819535058117731,24,0.8163154000003487,0.25571359999958077,0.8376407623291016,0.4143091025962718,"{""bootstrap_count"": 5, ""eta_consolidation"": 0.3, ""eta_exploration"": 0.45, ""interaction_top_k"": 30, ""lambda_interaction"": 0.5, ""lambda_stability"": 0.5, ""reliability_rho"": 0.6, ""reliability_source"": ""resampling"", ""resample_fraction"": 0.8, ""stability_interval"": 2, ""stability_strategy"": ""periodic"", ""weight_schedule"": ""adaptive""}","[0, 2, 7, 11, 12, 16, 19, 20, 21, 23, 24, 25, 26]",0.9735449735449735,0.9701680672268908,0.9790794979079498,0.9431710402960837,0.9786914765906363,0.9779452317570625,0.9831932773109243,0.9571428571428572,-0.2364576798119362,0.5848266922863196,-0.026753681620938607
breast_cancer,EHOA,400000,500003,outer_1,repeated_nested_cv,30,15,0.5,0.03636670416197966,25,0.7790328000000954,0.27011490000040794,0.9007711410522461,0.3900560547105448,"{""bootstrap_count"": 5, ""eta_consolidation"": 0.3, ""eta_exploration"": 0.45, ""interaction_top_k"": 30, ""lambda_interaction"": 0.5, ""lambda_stability"": 0.5, ""reliability_rho"": 0.6, ""reliability_source"": ""resampling"", ""resample_fraction"": 0.8, ""stability_interval"": 2, ""stability_strategy"": ""periodic"", ""weight_schedule"": ""adaptive""}","[0, 1, 3, 5, 7, 9, 12, 15, 16, 17, 18, 21, 23, 24, 27]",0.9578947368421052,0.9521836903775595,0.9666666666666667,0.9097672817424011,0.9789915966386555,0.9769760873743599,0.9747899159663865,0.9295774647887324,-0.33040775883035756,0.39810512243174784,0.09923771880293608
breast_cancer,SF-EHOA,400000,500003,outer_1,repeated_nested_cv,30,14,0.4666666666666667,0.03341432320959868,25,1.9527454999997644,0.2674866999996084,1.4624395370483398,0.3709887150394639,"{""bootstrap_count"": 5, ""eta_consolidation"": 0.3, ""eta_exploration"": 0.45, ""interaction_top_k"": 30, ""lambda_interaction"": 0.5, ""lambda_stability"": 0.5, ""reliability_rho"": 0.6, ""reliability_source"": ""resampling"", ""resample_fraction"": 0.8, ""stability_interval"": 2, ""stability_strategy"": ""periodic"", ""weight_schedule"": ""adaptive""}","[1, 3, 5, 7, 9, 15, 16, 18, 20, 21, 23, 24, 27, 29]",0.9473684210526315,0.9409397561841638,0.9583333333333334,0.887145140199271,0.9865664575689431,0.9862267485595053,0.9663865546218487,0.9154929577464789,-0.24788265941647847,0.4280925736546469,0.1353182385451951
breast_cancer,IG-EHOA,400000,500003,outer_1,repeated_nested_cv,30,15,0.5,0.03636670416197966,25,2.3705303000006097,0.2633668000007674,1.4138813018798828,0.3900560547105448,"{""bootstrap_count"": 5, ""eta_consolidation"": 0.3, ""eta_exploration"": 0.45, ""interaction_top_k"": 30, ""lambda_interaction"": 0.5, ""lambda_stability"": 0.5, ""reliability_rho"": 0.6, ""reliability_source"": ""resampling"", ""resample_fraction"": 0.8, ""stability_interval"": 2, ""stability_strategy"": ""periodic"", ""weight_schedule"": ""adaptive""}","[0, 1, 3, 5, 7, 9, 12, 15, 16, 17, 18, 21, 23, 24, 27]",0.9578947368421052,0.9521836903775595,0.9666666666666667,0.9097672817424011,0.9789915966386555,0.9769760873743599,0.9747899159663865,0.9295774647887324,-0.33040775883035756,0.4145480067577703,0.10431153593512865
breast_cancer,DFA-EHOA,400000,500003,outer_1,repeated_nested_cv,30,14,0.4666666666666667,0.03341432320959868,25,2.194524100000308,0.25881610000033106,1.4656267166137695,0.3709887150394639,"{""bootstrap_count"": 5, ""eta_consolidation"": 0.3, ""eta_exploration"": 0.45, ""interaction_top_k"": 30, ""lambda_interaction"": 0.5, ""lambda_stability"": 0.5, ""reliability_rho"": 0.6, ""reliability_source"": ""resampling"", ""resample_fraction"": 0.8, ""stability_interval"": 2, ""stability_strategy"": ""periodic"", ""weight_schedule"": ""adaptive""}","[1, 3, 5, 7, 9, 15, 16, 18, 20, 21, 23, 24, 27, 29]",0.9473684210526315,0.9409397561841638,0.9583333333333334,0.887145140199271,0.9865664575689431,0.9862267485595053,0.9663865546218487,0.9154929577464789,-0.24788265941647847,0.42644070124925076,0.15640880858272155
breast_cancer,ECG-EHOA,400000,500003,outer_1,repeated_nested_cv,30,15,0.5,0.03636670416197966,25,2.397454499999185,0.255770400000074,1.5168256759643555,0.3900560547105448,"{""bootstrap_count"": 5, ""consensus_confidence"": 0.2, ""eta_consolidation"": 0.3, ""eta_exploration"": 0.45, ""evidence_floor"": 0.05, ""interaction_top_k"": 30, ""lambda_interaction"": 0.5, ""lambda_stability"": 0.5, ""minimum_trust"": 0.1, ""reliability_rho"": 0.6, ""reliability_source"": ""resampling"", ""resample_fraction"": 0.8, ""stability_interval"": 2, ""stability_strategy"": ""periodic"", ""trust_decay"": 0.85, ""trust_reward"": 0.2, ""weight_schedule"": ""adaptive""}","[0, 1, 3, 5, 7, 9, 12, 15, 16, 17, 18, 21, 23, 24, 27]",0.9578947368421052,0.9521836903775595,0.9666666666666667,0.9097672817424011,0.9789915966386555,0.9769760873743599,0.9747899159663865,0.9295774647887324,-0.33040775883035756,0.4107001695127444,0.11223036223036209
breast_cancer,M-EHOA,400000,500003,outer_1,repeated_nested_cv,30,14,0.4666666666666667,0.02819685039370068,84,2.739624900000308,0.28410879999955796,1.0479707717895508,0.36858562648458276,"{""bootstrap_count"": 5, ""eta_consolidation"": 0.3, ""eta_exploration"": 0.45, ""interaction_top_k"": 30, ""lambda_interaction"": 0.5, ""lambda_stability"": 0.5, ""reliability_rho"": 0.6, ""reliability_source"": ""resampling"", ""resample_fraction"": 0.8, ""stability_interval"": 2, ""stability_strategy"": ""periodic"", ""weight_schedule"": ""adaptive""}","[0, 1, 3, 7, 9, 12, 15, 16, 17, 18, 21, 23, 24, 27]",0.9631578947368421,0.9563853710498283,0.970954356846473,0.9211492315750531,0.9808261332702095,0.9785286194802217,0.9831932773109243,0.9295774647887324,-0.23773925474203944,0.3808674344555351,0.11174930744402356
breast_cancer,A-EHOA,400000,500003,outer_1,repeated_nested_cv,30,13,0.43333333333333335,0.041413339393123326,25,0.8572543000000223,0.2790631999996549,0.8325691223144531,0.3752717824056613,"{""bootstrap_count"": 5, ""eta_consolidation"": 0.3, ""eta_exploration"": 0.45, ""interaction_top_k"": 30, ""lambda_interaction"": 0.5, ""lambda_stability"": 0.5, ""reliability_rho"": 0.6, ""reliability_source"": ""resampling"", ""resample_fraction"": 0.8, ""stability_interval"": 2, ""stability_strategy"": ""periodic"", ""weight_schedule"": ""adaptive""}","[0, 1, 3, 5, 7, 9, 15, 16, 18, 20, 21, 24, 27]",0.9526315789473684,0.9451414368564327,0.9626556016597511,0.8984549429340701,0.9786365250325482,0.9766794589348006,0.9747899159663865,0.9154929577464789,-0.29137815994452054,0.39854592957966806,0.1133705749683146
breast_cancer,G-EHOA,400000,500003,outer_1,repeated_nested_cv,30,15,0.5,0.03636670416197966,25,0.912864100000661,0.31401609999920765,0.9802799224853516,0.3900560547105448,"{""bootstrap_count"": 5, ""eta_consolidation"": 0.3, ""eta_exploration"": 0.45, ""interaction_top_k"": 30, ""lambda_interaction"": 0.5, ""lambda_stability"": 0.5, ""reliability_rho"": 0.6, ""reliability_source"": ""resampling"", ""resample_fraction"": 0.8, ""stability_interval"": 2, ""stability_strategy"": ""periodic"", ""weight_schedule"": ""adaptive""}","[0, 1, 3, 5, 7, 9, 12, 15, 16, 17, 18, 21, 23, 24, 27]",0.9578947368421052,0.9521836903775595,0.9666666666666667,0.9097672817424011,0.9789915966386555,0.9769760873743599,0.9747899159663865,0.9295774647887324,-0.33040775883035756,0.5848266922863196,-0.026753681620938607
breast_cancer,EHOA,400000,600006,outer_2,repeated_nested_cv,30,15,0.5,0.036387326584177065,23,0.863025500000731,0.35133500000029017,0.7262229919433594,0.4064911996107788,"{""bootstrap_count"": 5, ""eta_consolidation"": 0.3, ""eta_exploration"": 0.45, ""interaction_top_k"": 30, ""lambda_interaction"": 0.5, ""lambda_stability"": 0.5, ""reliability_rho"": 0.6, ""reliability_source"": ""resampling"", ""resample_fraction"": 0.8, ""stability_interval"": 2, ""stability_strategy"": ""periodic"", ""weight_schedule"": ""adaptive""}","[1, 2, 4, 6, 10, 12, 13, 15, 16, 17, 18, 21, 22, 27, 29]",0.9368421052631579,0.9410581133861995,0.9482758620689655,0.8692483637396178,0.9756775949816547,0.978636779927101,0.9243697478991597,0.9577464788732394,-0.32344470200854086,0.39810512243174784,0.09923771880293608
breast_cancer,SF-EHOA,400000,600006,outer_2,repeated_nested_cv,30,15,0.5,0.036387326584177065,22,2.034921999999824,0.29689909999979136,1.467411994934082,0.4064911996107788,"{""bootstrap_count"": 5, ""eta_consolidation"": 0.3, ""eta_exploration"": 0.45, ""interaction_top_k"": 30, ""lambda_interaction"": 0.5, ""lambda_stability"": 0.5, ""reliability_rho"": 0.6, ""reliability_source"": ""resampling"", ""resample_fraction"": 0.8, ""stability_interval"": 2, ""stability_strategy"": ""periodic"", ""weight_schedule"": ""adaptive""}","[1, 2, 4, 6, 10, 12, 13, 15, 16, 17, 18, 21, 22, 27, 29]",0.9368421052631579,0.9410581133861995,0.9482758620689655,0.8692483637396178,0.9756775949816547,0.978636779927101,0.9243697478991597,0.9577464788732394,-0.32344470200854086,0.4280925736546469,0.1353182385451951
breast_cancer,IG-EHOA,400000,600006,outer_2,repeated_nested_cv,30,15,0.5,0.023292088488938833,20,2.091627800000424,0.2554760000002716,1.492609977722168,0.4837797555928541,"{""bootstrap_count"": 5, ""eta_consolidation"": 0.3, ""eta_exploration"": 0.45, ""interaction_top_k"": 30, ""lambda_interaction"": 0.5, ""lambda_stability"": 0.5, ""reliability_rho"": 0.6, ""reliability_source"": ""resampling"", ""resample_fraction"": 0.8, ""stability_interval"": 2, ""stability_strategy"": ""periodic"", ""weight_schedule"": ""adaptive""}","[0, 1, 2, 6, 7, 10, 12, 16, 17, 19, 21, 22, 23, 27, 29]",0.9315789473684211,0.9368564327139306,0.9437229437229437,0.8592411607459859,0.9825423126997277,0.983418047821621,0.9159663865546218,0.9577464788732394,-0.4134833045339959,0.4145480067577703,0.10431153593512865
breast_cancer,DFA-EHOA,400000,600006,outer_2,repeated_nested_cv,30,14,0.4666666666666667,0.030774653168354066,18,1.9891836999995576,0.2567292000003363,1.4553308486938477,0.4415899341989366,"{""bootstrap_count"": 5, ""eta_consolidation"": 0.3, ""eta_exploration"": 0.45, ""interaction_top_k"": 30, ""lambda_interaction"": 0.5, ""lambda_stability"": 0.5, ""reliability_rho"": 0.6, ""reliability_source"": ""resampling"", ""resample_fraction"": 0.8, ""stability_interval"": 2, ""stability_strategy"": ""periodic"", ""weight_schedule"": ""adaptive""}","[0, 1, 2, 4, 6, 7, 10, 12, 16, 19, 21, 23, 27, 29]",0.9473684210526315,0.9551426204284531,0.9565217391304348,0.8935217350750256,0.983844241922121,0.9842327501971446,0.9243697478991597,0.9859154929577465,-0.3131026405395619,0.42644070124925076,0.15640880858272155
breast_cancer,ECG-EHOA,400000,600006,outer_2,repeated_nested_cv,30,15,0.5,0.023292088488938833,20,2.0381534000007377,0.27721939999992173,1.4290962219238281,0.4837797555928541,"{""bootstrap_count"": 5, ""consensus_confidence"": 0.2, ""eta_consolidation"": 0.3, ""eta_exploration"": 0.45, ""evidence_floor"": 0.05, ""interaction_top_k"": 30, ""lambda_interaction"": 0.5, ""lambda_stability"": 0.5, ""minimum_trust"": 0.1, ""reliability_rho"": 0.6, ""reliability_source"": ""resampling"", ""resample_fraction"": 0.8, ""stability_interval"": 2, ""stability_strategy"": ""periodic"", ""trust_decay"": 0.85, ""trust_reward"": 0.2, ""weight_schedule"": ""adaptive""}","[0, 1, 2, 6, 7, 10, 12, 16, 17, 19, 21, 22, 23, 27, 29]",0.9315789473684211,0.9368564327139306,0.9437229437229437,0.8592411607459859,0.9825423126997277,0.983418047821621,0.9159663865546218,0.9577464788732394,-0.4134833045339959,0.4107001695127444,0.11223036223036209
breast_cancer,M-EHOA,400000,600006,outer_2,repeated_nested_cv,30,15,0.5,0.03114923134608166,79,2.259469900000113,0.2737620000007155,1.021688461303711,0.4501494115563796,"{""bootstrap_count"": 5, ""eta_consolidation"": 0.3, ""eta_exploration"": 0.45, ""interaction_top_k"": 30, ""lambda_interaction"": 0.5, ""lambda_stability"": 0.5, ""reliability_rho"": 0.6, ""reliability_source"": ""resampling"", ""resample_fraction"": 0.8, ""stability_interval"": 2, ""stability_strategy"": ""periodic"", ""weight_schedule"": ""adaptive""}","[1, 2, 4, 6, 7, 10, 12, 13, 15, 16, 17, 18, 21, 22, 27]",0.9315789473684211,0.9340158598650727,0.944206008583691,0.8571938149789914,0.9853237069475678,0.985119912569205,0.9243697478991597,0.9436619718309859,-0.39340745264269233,0.3808674344555351,0.11174930744402356
breast_cancer,A-EHOA,400000,600006,outer_2,repeated_nested_cv,30,15,0.5,0.03854326016698079,23,0.7574936000000889,0.27493970000068657,0.665410041809082,0.4064911996107788,"{""bootstrap_count"": 5, ""eta_consolidation"": 0.3, ""eta_exploration"": 0.45, ""interaction_top_k"": 30, ""lambda_interaction"": 0.5, ""lambda_stability"": 0.5, ""reliability_rho"": 0.6, ""reliability_source"": ""resampling"", ""resample_fraction"": 0.8, ""stability_interval"": 2, ""stability_strategy"": ""periodic"", ""weight_schedule"": ""adaptive""}","[1, 2, 4, 6, 10, 12, 13, 15, 16, 17, 18, 21, 22, 27, 29]",0.9368421052631579,0.9410581133861995,0.9482758620689655,0.8692483637396178,0.9756775949816547,0.978636779927101,0.9243697478991597,0.9577464788732394,-0.32344470200854086,0.39854592957966806,0.1133705749683146
breast_cancer,G-EHOA,400000,600006,outer_2,repeated_nested_cv,30,15,0.5,0.036387326584177065,23,0.7587886000001163,0.2735301000002437,0.8072614669799805,0.4064911996107788,"{""bootstrap_count"": 5, ""eta_consolidation"": 0.3, ""eta_exploration"": 0.45, ""interaction_top_k"": 30, ""lambda_interaction"": 0.5, ""lambda_stability"": 0.5, ""reliability_rho"": 0.6, ""reliability_source"": ""resampling"", ""resample_fraction"": 0.8, ""stability_interval"": 2, ""stability_strategy"": ""periodic"", ""weight_schedule"": ""adaptive""}","[1, 2, 4, 6, 10, 12, 13, 15, 16, 17, 18, 21, 22, 27, 29]",0.9368421052631579,0.9410581133861995,0.9482758620689655,0.8692483637396178,0.9756775949816547,0.978636779927101,0.9243697478991597,0.9577464788732394,-0.32344470200854086,0.5848266922863196,-0.026753681620938607
breast_cancer,EHOA,400000,700009,outer_3,repeated_nested_cv,30,16,0.5333333333333333,0.028822272215972982,25,0.6592093999997815,0.3137739000003421,0.6082592010498047,0.4273955574730449,"{""bootstrap_count"": 5, ""eta_consolidation"": 0.3, ""eta_exploration"": 0.45, ""interaction_top_k"": 30, ""lambda_interaction"": 0.5, ""lambda_stability"": 0.5, ""reliability_rho"": 0.6, ""reliability_source"": ""resampling"", ""resample_fraction"": 0.8, ""stability_interval"": 2, ""stability_strategy"": ""periodic"", ""weight_schedule"": ""adaptive""}","[1, 2, 4, 6, 9, 10, 15, 16, 18, 20, 22, 24, 25, 26, 27, 29]",0.9576719576719577,0.9516806722689075,0.9666666666666667,0.9089434451018736,0.9884153661464585,0.9874457765730268,0.9747899159663865,0.9285714285714286,-0.33861967877423904,0.39810512243174784,0.09923771880293608
breast_cancer,SF-EHOA,400000,700009,outer_3,repeated_nested_cv,30,16,0.5333333333333333,0.028822272215972982,25,2.017627299999731,0.2735815999994884,1.3423051834106445,0.4273955574730449,"{""bootstrap_count"": 5, ""eta_consolidation"": 0.3, ""eta_exploration"": 0.45, ""interaction_top_k"": 30, ""lambda_interaction"": 0.5, ""lambda_stability"": 0.5, ""reliability_rho"": 0.6, ""reliability_source"": ""resampling"", ""resample_fraction"": 0.8, ""stability_interval"": 2, ""stability_strategy"": ""periodic"", ""weight_schedule"": ""adaptive""}","[1, 2, 4, 6, 9, 10, 15, 16, 18, 20, 22, 24, 25, 26, 27, 29]",0.9576719576719577,0.9516806722689075,0.9666666666666667,0.9089434451018736,0.9884153661464585,0.9874457765730268,0.9747899159663865,0.9285714285714286,-0.33861967877423904,0.4280925736546469,0.1353182385451951
breast_cancer,IG-EHOA,400000,700009,outer_3,repeated_nested_cv,30,16,0.5333333333333333,0.028822272215972982,25,2.0733307000000423,0.26903370000036375,1.462407112121582,0.4273955574730449,"{""bootstrap_count"": 5, ""eta_consolidation"": 0.3, ""eta_exploration"": 0.45, ""interaction_top_k"": 30, ""lambda_interaction"": 0.5, ""lambda_stability"": 0.5, ""reliability_rho"": 0.6, ""reliability_source"": ""resampling"", ""resample_fraction"": 0.8, ""stability_interval"": 2, ""stability_strategy"": ""periodic"", ""weight_schedule"": ""adaptive""}","[1, 2, 4, 6, 9, 10, 15, 16, 18, 20, 22, 24, 25, 26, 27, 29]",0.9576719576719577,0.9516806722689075,0.9666666666666667,0.9089434451018736,0.9884153661464585,0.9874457765730268,0.9747899159663865,0.9285714285714286,-0.33861967877423904,0.4145480067577703,0.10431153593512865
breast_cancer,DFA-EHOA,400000,700009,outer_3,repeated_nested_cv,30,16,0.5333333333333333,0.028822272215972982,25,2.224862199999734,0.29133230000024923,1.4111652374267578,0.4273955574730449,"{""bootstrap_count"": 5, ""eta_consolidation"": 0.3, ""eta_exploration"": 0.45, ""interaction_top_k"": 30, ""lambda_interaction"": 0.5, ""lambda_stability"": 0.5, ""reliability_rho"": 0.6, ""reliability_source"": ""resampling"", ""resample_fraction"": 0.8, ""stability_interval"": 2, ""stability_strategy"": ""periodic"", ""weight_schedule"": ""adaptive""}","[1, 2, 4, 6, 9, 10, 15, 16, 18, 20, 22, 24, 25, 26, 27, 29]",0.9576719576719577,0.9516806722689075,0.9666666666666667,0.9089434451018736,0.9884153661464585,0.9874457765730268,0.9747899159663865,0.9285714285714286,-0.33861967877423904,0.42644070124925076,0.15640880858272155
breast_cancer,ECG-EHOA,400000,700009,outer_3,repeated_nested_cv,30,16,0.5333333333333333,0.028822272215972982,25,2.0628509999996822,0.2657262000002447,1.4487457275390625,0.4273955574730449,"{""bootstrap_count"": 5, ""consensus_confidence"": 0.2, ""eta_consolidation"": 0.3, ""eta_exploration"": 0.45, ""evidence_floor"": 0.05, ""interaction_top_k"": 30, ""lambda_interaction"": 0.5, ""lambda_stability"": 0.5, ""minimum_trust"": 0.1, ""reliability_rho"": 0.6, ""reliability_source"": ""resampling"", ""resample_fraction"": 0.8, ""stability_interval"": 2, ""stability_strategy"": ""periodic"", ""trust_decay"": 0.85, ""trust_reward"": 0.2, ""weight_schedule"": ""adaptive""}","[1, 2, 4, 6, 9, 10, 15, 16, 18, 20, 22, 24, 25, 26, 27, 29]",0.9576719576719577,0.9516806722689075,0.9666666666666667,0.9089434451018736,0.9884153661464585,0.9874457765730268,0.9747899159663865,0.9285714285714286,-0.33861967877423904,0.4107001695127444,0.11223036223036209
breast_cancer,M-EHOA,400000,700009,outer_3,repeated_nested_cv,30,16,0.5333333333333333,0.028822272215972982,55,1.4741381999992882,0.26061920000029204,0.9539451599121094,0.4273955574730449,"{""bootstrap_count"": 5, ""eta_consolidation"": 0.3, ""eta_exploration"": 0.45, ""interaction_top_k"": 30, ""lambda_interaction"": 0.5, ""lambda_stability"": 0.5, ""reliability_rho"": 0.6, ""reliability_source"": ""resampling"", ""resample_fraction"": 0.8, ""stability_interval"": 2, ""stability_strategy"": ""periodic"", ""weight_schedule"": ""adaptive""}","[1, 2, 4, 6, 9, 10, 15, 16, 18, 20, 22, 24, 25, 26, 27, 29]",0.9576719576719577,0.9516806722689075,0.9666666666666667,0.9089434451018736,0.9884153661464585,0.9874457765730268,0.9747899159663865,0.9285714285714286,-0.33861967877423904,0.3808674344555351,0.11174930744402356
breast_cancer,A-EHOA,400000,700009,outer_3,repeated_nested_cv,30,18,0.6,0.036058729464045196,25,0.7493961999998646,0.29024720000052184,0.5725898742675781,0.4247820855204875,"{""bootstrap_count"": 5, ""eta_consolidation"": 0.3, ""eta_exploration"": 0.45, ""interaction_top_k"": 30, ""lambda_interaction"": 0.5, ""lambda_stability"": 0.5, ""reliability_rho"": 0.6, ""reliability_source"": ""resampling"", ""resample_fraction"": 0.8, ""stability_interval"": 2, ""stability_strategy"": ""periodic"", ""weight_schedule"": ""adaptive""}","[1, 2, 3, 6, 7, 9, 10, 13, 14, 15, 18, 20, 22, 24, 25, 26, 27, 29]",0.9629629629629629,0.9647058823529412,0.9702127659574468,0.9218075091290715,0.9897959183673469,0.9887538287702629,0.957983193277311,0.9714285714285714,-0.3629825875829027,0.39854592957966806,0.1133705749683146
breast_cancer,G-EHOA,400000,700009,outer_3,repeated_nested_cv,30,16,0.5333333333333333,0.028822272215972982,25,0.8218379999989338,0.32718240000031074,0.6556997299194336,0.4273955574730449,"{""bootstrap_count"": 5, ""eta_consolidation"": 0.3, ""eta_exploration"": 0.45, ""interaction_top_k"": 30, ""lambda_interaction"": 0.5, ""lambda_stability"": 0.5, ""reliability_rho"": 0.6, ""reliability_source"": ""resampling"", ""resample_fraction"": 0.8, ""stability_interval"": 2, ""stability_strategy"": ""periodic"", ""weight_schedule"": ""adaptive""}","[1, 2, 4, 6, 9, 10, 15, 16, 18, 20, 22, 24, 25, 26, 27, 29]",0.9576719576719577,0.9516806722689075,0.9666666666666667,0.9089434451018736,0.9884153661464585,0.9874457765730268,0.9747899159663865,0.9285714285714286,-0.33861967877423904,0.5848266922863196,-0.026753681620938607
breast_cancer,EHOA,412310,512313,outer_1,repeated_nested_cv,30,18,0.6,0.03474765654293223,17,0.45264769999994314,0.268623199999638,0.5216379165649414,0.4025176677322382,"{""bootstrap_count"": 5, ""eta_consolidation"": 0.3, ""eta_exploration"": 0.45, ""interaction_top_k"": 30, ""lambda_interaction"": 0.5, ""lambda_stability"": 0.5, ""reliability_rho"": 0.6, ""reliability_source"": ""resampling"", ""resample_fraction"": 0.8, ""stability_interval"": 2, ""stability_strategy"": ""periodic"", ""weight_schedule"": ""adaptive""}","[0, 1, 2, 4, 6, 8, 10, 13, 14, 15, 19, 20, 22, 24, 25, 27, 28, 29]",0.9368421052631579,0.9382175405373416,0.9487179487179487,0.8674468133289523,0.969937270682921,0.9710751203642219,0.9327731092436975,0.9436619718309859,-0.3167974960634817,0.39810512243174784,0.09923771880293608
breast_cancer,SF-EHOA,412310,512313,outer_1,repeated_nested_cv,30,18,0.6,0.03474765654293223,17,1.6532311999999365,0.3440823000000819,1.4695959091186523,0.4025176677322382,"{""bootstrap_count"": 5, ""eta_consolidation"": 0.3, ""eta_exploration"": 0.45, ""interaction_top_k"": 30, ""lambda_interaction"": 0.5, ""lambda_stability"": 0.5, ""reliability_rho"": 0.6, ""reliability_source"": ""resampling"", ""resample_fraction"": 0.8, ""stability_interval"": 2, ""stability_strategy"": ""periodic"", ""weight_schedule"": ""adaptive""}","[0, 1, 2, 4, 6, 8, 10, 13, 14, 15, 19, 20, 22, 24, 25, 27, 28, 29]",0.9368421052631579,0.9382175405373416,0.9487179487179487,0.8674468133289523,0.969937270682921,0.9710751203642219,0.9327731092436975,0.9436619718309859,-0.3167974960634817,0.4280925736546469,0.1353182385451951
breast_cancer,IG-EHOA,412310,512313,outer_1,repeated_nested_cv,30,18,0.6,0.03474765654293223,17,1.871897899999567,0.3137754999997924,1.4574851989746094,0.4025176677322382,"{""bootstrap_count"": 5, ""eta_consolidation"": 0.3, ""eta_exploration"": 0.45, ""interaction_top_k"": 30, ""lambda_interaction"": 0.5, ""lambda_stability"": 0.5, ""reliability_rho"": 0.6, ""reliability_source"": ""resampling"", ""resample_fraction"": 0.8, ""stability_interval"": 2, ""stability_strategy"": ""periodic"", ""weight_schedule"": ""adaptive""}","[0, 1, 2, 4, 6, 8, 10, 13, 14, 15, 19, 20, 22, 24, 25, 27, 28, 29]",0.9368421052631579,0.9382175405373416,0.9487179487179487,0.8674468133289523,0.969937270682921,0.9710751203642219,0.9327731092436975,0.9436619718309859,-0.3167974960634817,0.4145480067577703,0.10431153593512865
breast_cancer,DFA-EHOA,412310,512313,outer_1,repeated_nested_cv,30,18,0.6,0.03474765654293223,17,1.8864629999998215,0.27704779999930906,1.4457969665527344,0.4025176677322382,"{""bootstrap_count"": 5, ""eta_consolidation"": 0.3, ""eta_exploration"": 0.45, ""interaction_top_k"": 30, ""lambda_interaction"": 0.5, ""lambda_stability"": 0.5, ""reliability_rho"": 0.6, ""reliability_source"": ""resampling"", ""resample_fraction"": 0.8, ""stability_interval"": 2, ""stability_strategy"": ""periodic"", ""weight_schedule"": ""adaptive""}","[0, 1, 2, 4, 6, 8, 10, 13, 14, 15, 19, 20, 22, 24, 25, 27, 28, 29]",0.9368421052631579,0.9382175405373416,0.9487179487179487,0.8674468133289523,0.969937270682921,0.9710751203642219,0.9327731092436975,0.9436619718309859,-0.3167974960634817,0.42644070124925076,0.15640880858272155
breast_cancer,ECG-EHOA,412310,512313,outer_1,repeated_nested_cv,30,18,0.6,0.03474765654293223,17,1.9071014999999534,0.26684839999961696,1.414438247680664,0.4025176677322382,"{""bootstrap_count"": 5, ""consensus_confidence"": 0.2, ""eta_consolidation"": 0.3, ""eta_exploration"": 0.45, ""evidence_floor"": 0.05, ""interaction_top_k"": 30, ""lambda_interaction"": 0.5, ""lambda_stability"": 0.5, ""minimum_trust"": 0.1, ""reliability_rho"": 0.6, ""reliability_source"": ""resampling"", ""resample_fraction"": 0.8, ""stability_interval"": 2, ""stability_strategy"": ""periodic"", ""trust_decay"": 0.85, ""trust_reward"": 0.2, ""weight_schedule"": ""adaptive""}","[0, 1, 2, 4, 6, 8, 10, 13, 14, 15, 19, 20, 22, 24, 25, 27, 28, 29]",0.9368421052631579,0.9382175405373416,0.9487179487179487,0.8674468133289523,0.969937270682921,0.9710751203642219,0.9327731092436975,0.9436619718309859,-0.3167974960634817,0.4107001695127444,0.11223036223036209
breast_cancer,M-EHOA,412310,512313,outer_1,repeated_nested_cv,30,16,0.5333333333333333,0.03146194225721781,72,1.8621910999991087,0.26154549999955634,0.5215721130371094,0.3904513466537216,"{""bootstrap_count"": 5, ""eta_consolidation"": 0.3, ""eta_exploration"": 0.45, ""interaction_top_k"": 30, ""lambda_interaction"": 0.5, ""lambda_stability"": 0.5, ""reliability_rho"": 0.6, ""reliability_source"": ""resampling"", ""resample_fraction"": 0.8, ""stability_interval"": 2, ""stability_strategy"": ""periodic"", ""weight_schedule"": ""adaptive""}","[0, 1, 2, 4, 8, 10, 13, 14, 15, 19, 20, 22, 24, 25, 27, 29]",0.9315789473684211,0.9340158598650727,0.944206008583691,0.8571938149789914,0.9786957036335661,0.977153127431627,0.9243697478991597,0.9436619718309859,-0.28592399685836334,0.3808674344555351,0.11174930744402356
breast_cancer,A-EHOA,412310,512313,outer_1,repeated_nested_cv,30,16,0.5333333333333333,0.035980316904569536,17,0.5380690000001778,0.2639667000003101,0.5230646133422852,0.4162510883282167,"{""bootstrap_count"": 5, ""eta_consolidation"": 0.3, ""eta_exploration"": 0.45, ""interaction_top_k"": 30, ""lambda_interaction"": 0.5, ""lambda_stability"": 0.5, ""reliability_rho"": 0.6, ""reliability_source"": ""resampling"", ""resample_fraction"": 0.8, ""stability_interval"": 2, ""stability_strategy"": ""periodic"", ""weight_schedule"": ""adaptive""}","[0, 1, 2, 4, 6, 8, 10, 13, 15, 19, 20, 24, 25, 27, 28, 29]",0.9368421052631579,0.9353769676884838,0.9491525423728814,0.8660515435177896,0.9708249496981891,0.971863446544264,0.9411764705882353,0.9295774647887324,-0.3210643501746588,0.39854592957966806,0.1133705749683146
breast_cancer,G-EHOA,412310,512313,outer_1,repeated_nested_cv,30,18,0.6,0.03474765654293223,17,0.526771100001497,0.2674599000001763,0.5645055770874023,0.4025176677322382,"{""bootstrap_count"": 5, ""eta_consolidation"": 0.3, ""eta_exploration"": 0.45, ""interaction_top_k"": 30, ""lambda_interaction"": 0.5, ""lambda_stability"": 0.5, ""reliability_rho"": 0.6, ""reliability_source"": ""resampling"", ""resample_fraction"": 0.8, ""stability_interval"": 2, ""stability_strategy"": ""periodic"", ""weight_schedule"": ""adaptive""}","[0, 1, 2, 4, 6, 8, 10, 13, 14, 15, 19, 20, 22, 24, 25, 27, 28, 29]",0.9368421052631579,0.9382175405373416,0.9487179487179487,0.8674468133289523,0.969937270682921,0.9710751203642219,0.9327731092436975,0.9436619718309859,-0.3167974960634817,0.5848266922863196,-0.026753681620938607
breast_cancer,EHOA,412310,612316,outer_2,repeated_nested_cv,30,16,0.5333333333333333,0.03670003749531299,23,0.6520147000001089,0.2767467999992732,0.7161741256713867,0.4635075673680929,"{""bootstrap_count"": 5, ""eta_consolidation"": 0.3, ""eta_exploration"": 0.45, ""interaction_top_k"": 30, ""lambda_interaction"": 0.5, ""lambda_stability"": 0.5, ""reliability_rho"": 0.6, ""reliability_source"": ""resampling"", ""resample_fraction"": 0.8, ""stability_interval"": 2, ""stability_strategy"": ""periodic"", ""weight_schedule"": ""adaptive""}","[0, 3, 5, 7, 8, 9, 13, 17, 19, 20, 21, 22, 23, 26, 27, 29]",0.968421052631579,0.9719493431175288,0.9743589743589743,0.9342185464278724,0.9984021777725175,0.9985344862582715,0.957983193277311,0.9859154929577465,-0.3872332275347483,0.39810512243174784,0.09923771880293608
breast_cancer,SF-EHOA,412310,612316,outer_2,repeated_nested_cv,30,16,0.5333333333333333,0.03670003749531299,24,1.9355022999998255,0.3129195000001346,1.326289176940918,0.4635075673680929,"{""bootstrap_count"": 5, ""eta_consolidation"": 0.3, ""eta_exploration"": 0.45, ""interaction_top_k"": 30, ""lambda_interaction"": 0.5, ""lambda_stability"": 0.5, ""reliability_rho"": 0.6, ""reliability_source"": ""resampling"", ""resample_fraction"": 0.8, ""stability_interval"": 2, ""stability_strategy"": ""periodic"", ""weight_schedule"": ""adaptive""}","[0, 3, 5, 7, 8, 9, 13, 17, 19, 20, 21, 22, 23, 26, 27, 29]",0.968421052631579,0.9719493431175288,0.9743589743589743,0.9342185464278724,0.9984021777725175,0.9985344862582715,0.957983193277311,0.9859154929577465,-0.3872332275347483,0.4280925736546469,0.1353182385451951
breast_cancer,IG-EHOA,412310,612316,outer_2,repeated_nested_cv,30,16,0.5333333333333333,0.03929846269216356,25,2.18132820000028,0.26822699999956967,1.3596458435058594,0.4578377397945765,"{""bootstrap_count"": 5, ""eta_consolidation"": 0.3, ""eta_exploration"": 0.45, ""interaction_top_k"": 30, ""lambda_interaction"": 0.5, ""lambda_stability"": 0.5, ""reliability_rho"": 0.6, ""reliability_source"": ""resampling"", ""resample_fraction"": 0.8, ""stability_interval"": 2, ""stability_strategy"": ""periodic"", ""weight_schedule"": ""adaptive""}","[0, 3, 5, 7, 8, 9, 13, 17, 19, 21, 22, 23, 25, 26, 27, 29]",0.9631578947368421,0.964907089596402,0.9702127659574468,0.9224736407417351,0.9965084625399456,0.9969823965014345,0.957983193277311,0.971830985915493,-0.3519419413283569,0.4145480067577703,0.10431153593512865
breast_cancer,DFA-EHOA,412310,612316,outer_2,repeated_nested_cv,30,16,0.5333333333333333,0.036679415073115805,25,2.132528099999945,0.2711631000001944,1.4522066116333008,0.46648922166063184,"{""bootstrap_count"": 5, ""eta_consolidation"": 0.3, ""eta_exploration"": 0.45, ""interaction_top_k"": 30, ""lambda_interaction"": 0.5, ""lambda_stability"": 0.5, ""reliability_rho"": 0.6, ""reliability_source"": ""resampling"", ""resample_fraction"": 0.8, ""stability_interval"": 2, ""stability_strategy"": ""periodic"", ""weight_schedule"": ""adaptive""}","[0, 5, 7, 8, 9, 12, 13, 19, 20, 21, 22, 23, 25, 26, 27, 29]",0.9789473684210527,0.9803527044620666,0.9830508474576272,0.9555172459880248,0.9934903538880342,0.9954876784721987,0.9747899159663865,0.9859154929577465,-0.38868973140882657,0.42644070124925076,0.15640880858272155
breast_cancer,ECG-EHOA,412310,612316,outer_2,repeated_nested_cv,30,16,0.5333333333333333,0.03929846269216356,25,2.3181212999998024,0.28468789999988076,1.3386974334716797,0.4578377397945765,"{""bootstrap_count"": 5, ""consensus_confidence"": 0.2, ""eta_consolidation"": 0.3, ""eta_exploration"": 0.45, ""evidence_floor"": 0.05, ""interaction_top_k"": 30, ""lambda_interaction"": 0.5, ""lambda_stability"": 0.5, ""minimum_trust"": 0.1, ""reliability_rho"": 0.6, ""reliability_source"": ""resampling"", ""resample_fraction"": 0.8, ""stability_interval"": 2, ""stability_strategy"": ""periodic"", ""trust_decay"": 0.85, ""trust_reward"": 0.2, ""weight_schedule"": ""adaptive""}","[0, 3, 5, 7, 8, 9, 13, 17, 19, 21, 22, 23, 25, 26, 27, 29]",0.9631578947368421,0.964907089596402,0.9702127659574468,0.9224736407417351,0.9965084625399456,0.9969823965014345,0.957983193277311,0.971830985915493,-0.3519419413283569,0.4107001695127444,0.11223036223036209
breast_cancer,M-EHOA,412310,612316,outer_2,repeated_nested_cv,30,16,0.5333333333333333,0.028842894638170163,82,2.5586073000004035,0.26762870000038674,1.0231008529663086,0.41519588737608587,"{""bootstrap_count"": 5, ""eta_consolidation"": 0.3, ""eta_exploration"": 0.45, ""interaction_top_k"": 30, ""lambda_interaction"": 0.5, ""lambda_stability"": 0.5, ""reliability_rho"": 0.6, ""reliability_source"": ""resampling"", ""resample_fraction"": 0.8, ""stability_interval"": 2, ""stability_strategy"": ""periodic"", ""weight_schedule"": ""adaptive""}","[3, 5, 7, 8, 9, 13, 17, 18, 19, 20, 21, 22, 23, 26, 27, 29]",0.9631578947368421,0.9620665167475441,0.9704641350210971,0.9215733295732883,0.9849686353414605,0.9849745440620186,0.9663865546218487,0.9577464788732394,-0.2617914858222424,0.3808674344555351,0.11174930744402356
breast_cancer,A-EHOA,412310,612316,outer_2,repeated_nested_cv,30,17,0.5666666666666667,0.041246319238710874,23,0.7586079000002428,0.2704876999996486,0.6297473907470703,0.39038347080241076,"{""bootstrap_count"": 5, ""eta_consolidation"": 0.3, ""eta_exploration"": 0.45, ""interaction_top_k"": 30, ""lambda_interaction"": 0.5, ""lambda_stability"": 0.5, ""reliability_rho"": 0.6, ""reliability_source"": ""resampling"", ""resample_fraction"": 0.8, ""stability_interval"": 2, ""stability_strategy"": ""periodic"", ""weight_schedule"": ""adaptive""}","[0, 1, 3, 4, 5, 7, 9, 10, 13, 16, 17, 18, 20, 21, 23, 24, 26]",0.968421052631579,0.966268197419813,0.9747899159663865,0.932536394839626,0.9856195999526571,0.9857949640785619,0.9747899159663865,0.9577464788732394,-0.2699051833264729,0.39854592957966806,0.1133705749683146
breast_cancer,G-EHOA,412310,612316,outer_2,repeated_nested_cv,30,16,0.5333333333333333,0.03670003749531299,23,0.8642365999994581,0.3008633999997983,0.7829866409301758,0.4635075673680929,"{""bootstrap_count"": 5, ""eta_consolidation"": 0.3, ""eta_exploration"": 0.45, ""interaction_top_k"": 30, ""lambda_interaction"": 0.5, ""lambda_stability"": 0.5, ""reliability_rho"": 0.6, ""reliability_source"": ""resampling"", ""resample_fraction"": 0.8, ""stability_interval"": 2, ""stability_strategy"": ""periodic"", ""weight_schedule"": ""adaptive""}","[0, 3, 5, 7, 8, 9, 13, 17, 19, 20, 21, 22, 23, 26, 27, 29]",0.968421052631579,0.9719493431175288,0.9743589743589743,0.9342185464278724,0.9984021777725175,0.9985344862582715,0.957983193277311,0.9859154929577465,-0.3872332275347483,0.5848266922863196,-0.026753681620938607
breast_cancer,EHOA,412310,712319,outer_3,repeated_nested_cv,30,15,0.5,0.04150168728908881,25,0.8058854000000792,0.28965900000002875,0.6879596710205078,0.3953011744589953,"{""bootstrap_count"": 5, ""eta_consolidation"": 0.3, ""eta_exploration"": 0.45, ""interaction_top_k"": 30, ""lambda_interaction"": 0.5, ""lambda_stability"": 0.5, ""reliability_rho"": 0.6, ""reliability_source"": ""resampling"", ""resample_fraction"": 0.8, ""stability_interval"": 2, ""stability_strategy"": ""periodic"", ""weight_schedule"": ""adaptive""}","[0, 1, 3, 5, 7, 9, 15, 16, 17, 18, 21, 23, 24, 27, 29]",0.9523809523809523,0.9504201680672268,0.9620253164556962,0.8982560410575398,0.9751500600240097,0.9751074065178877,0.957983193277311,0.9428571428571428,-0.3556478012743991,0.39810512243174784,0.09923771880293608
breast_cancer,SF-EHOA,412310,712319,outer_3,repeated_nested_cv,30,15,0.5,0.04150168728908881,25,2.037396499999886,0.264581200000066,1.429621696472168,0.3953011744589953,"{""bootstrap_count"": 5, ""eta_consolidation"": 0.3, ""eta_exploration"": 0.45, ""interaction_top_k"": 30, ""lambda_interaction"": 0.5, ""lambda_stability"": 0.5, ""reliability_rho"": 0.6, ""reliability_source"": ""resampling"", ""resample_fraction"": 0.8, ""stability_interval"": 2, ""stability_strategy"": ""periodic"", ""weight_schedule"": ""adaptive""}","[0, 1, 3, 5, 7, 9, 15, 16, 17, 18, 21, 23, 24, 27, 29]",0.9523809523809523,0.9504201680672268,0.9620253164556962,0.8982560410575398,0.9751500600240097,0.9751074065178877,0.957983193277311,0.9428571428571428,-0.3556478012743991,0.4280925736546469,0.1353182385451951
breast_cancer,IG-EHOA,412310,712319,outer_3,repeated_nested_cv,30,16,0.5333333333333333,0.04183502062242214,25,2.23579669999981,0.26951609999923676,1.4969358444213867,0.40702896037369835,"{""bootstrap_count"": 5, ""eta_consolidation"": 0.3, ""eta_exploration"": 0.45, ""interaction_top_k"": 30, ""lambda_interaction"": 0.5, ""lambda_stability"": 0.5, ""reliability_rho"": 0.6, ""reliability_source"": ""resampling"", ""resample_fraction"": 0.8, ""stability_interval"": 2, ""stability_strategy"": ""periodic"", ""weight_schedule"": ""adaptive""}","[0, 1, 3, 5, 7, 9, 15, 16, 17, 18, 20, 21, 23, 24, 27, 29]",0.9576719576719577,0.9516806722689075,0.9666666666666667,0.9089434451018736,0.968967587034814,0.9675070628754135,0.9747899159663865,0.9285714285714286,-0.37172472707322746,0.4145480067577703,0.10431153593512865
breast_cancer,DFA-EHOA,412310,712319,outer_3,repeated_nested_cv,30,16,0.5333333333333333,0.04183502062242214,25,2.177276299999903,0.28835570000046573,1.3945751190185547,0.40702896037369835,"{""bootstrap_count"": 5, ""eta_consolidation"": 0.3, ""eta_exploration"": 0.45, ""interaction_top_k"": 30, ""lambda_interaction"": 0.5, ""lambda_stability"": 0.5, ""reliability_rho"": 0.6, ""reliability_source"": ""resampling"", ""resample_fraction"": 0.8, ""stability_interval"": 2, ""stability_strategy"": ""periodic"", ""weight_schedule"": ""adaptive""}","[0, 1, 3, 5, 7, 9, 15, 16, 17, 18, 20, 21, 23, 24, 27, 29]",0.9576719576719577,0.9516806722689075,0.9666666666666667,0.9089434451018736,0.968967587034814,0.9675070628754135,0.9747899159663865,0.9285714285714286,-0.37172472707322746,0.42644070124925076,0.15640880858272155
breast_cancer,ECG-EHOA,412310,712319,outer_3,repeated_nested_cv,30,16,0.5333333333333333,0.04183502062242214,25,2.363439899999321,0.3134774000000107,1.4690361022949219,0.40702896037369835,"{""bootstrap_count"": 5, ""consensus_confidence"": 0.2, ""eta_consolidation"": 0.3, ""eta_exploration"": 0.45, ""evidence_floor"": 0.05, ""interaction_top_k"": 30, ""lambda_interaction"": 0.5, ""lambda_stability"": 0.5, ""minimum_trust"": 0.1, ""reliability_rho"": 0.6, ""reliability_source"": ""resampling"", ""resample_fraction"": 0.8, ""stability_interval"": 2, ""stability_strategy"": ""periodic"", ""trust_decay"": 0.85, ""trust_reward"": 0.2, ""weight_schedule"": ""adaptive""}","[0, 1, 3, 5, 7, 9, 15, 16, 17, 18, 20, 21, 23, 24, 27, 29]",0.9576719576719577,0.9516806722689075,0.9666666666666667,0.9089434451018736,0.968967587034814,0.9675070628754135,0.9747899159663865,0.9285714285714286,-0.37172472707322746,0.4107001695127444,0.11223036223036209
breast_cancer,M-EHOA,412310,712319,outer_3,repeated_nested_cv,30,15,0.5,0.04150168728908881,55,2.094812600000296,0.3338285999998334,0.892186164855957,0.3953011744589953,"{""bootstrap_count"": 5, ""eta_consolidation"": 0.3, ""eta_exploration"": 0.45, ""interaction_top_k"": 30, ""lambda_interaction"": 0.5, ""lambda_stability"": 0.5, ""reliability_rho"": 0.6, ""reliability_source"": ""resampling"", ""resample_fraction"": 0.8, ""stability_interval"": 2, ""stability_strategy"": ""periodic"", ""weight_schedule"": ""adaptive""}","[0, 1, 3, 5, 7, 9, 15, 16, 17, 18, 21, 23, 24, 27, 29]",0.9523809523809523,0.9504201680672268,0.9620253164556962,0.8982560410575398,0.9751500600240097,0.9751074065178877,0.957983193277311,0.9428571428571428,-0.3556478012743991,0.3808674344555351,0.11174930744402356
breast_cancer,A-EHOA,412310,712319,outer_3,repeated_nested_cv,30,15,0.5,0.045324198761109546,25,1.0423155999997107,0.3313630999991801,0.8063783645629883,0.3953011744589953,"{""bootstrap_count"": 5, ""eta_consolidation"": 0.3, ""eta_exploration"": 0.45, ""interaction_top_k"": 30, ""lambda_interaction"": 0.5, ""lambda_stability"": 0.5, ""reliability_rho"": 0.6, ""reliability_source"": ""resampling"", ""resample_fraction"": 0.8, ""stability_interval"": 2, ""stability_strategy"": ""periodic"", ""weight_schedule"": ""adaptive""}","[0, 1, 3, 5, 7, 9, 15, 16, 17, 18, 21, 23, 24, 27, 29]",0.9523809523809523,0.9504201680672268,0.9620253164556962,0.8982560410575398,0.9751500600240097,0.9751074065178877,0.957983193277311,0.9428571428571428,-0.3556478012743991,0.39854592957966806,0.1133705749683146
breast_cancer,G-EHOA,412310,712319,outer_3,repeated_nested_cv,30,30,1.0,0.04902233705898186,25,0.8868174999988696,0.2866125999998985,0.807591438293457,0.4031672582411282,"{""bootstrap_count"": 5, ""eta_consolidation"": 0.3, ""eta_exploration"": 0.45, ""interaction_top_k"": 30, ""lambda_interaction"": 0.5, ""lambda_stability"": 0.5, ""reliability_rho"": 0.6, ""reliability_source"": ""resampling"", ""resample_fraction"": 0.8, ""stability_interval"": 2, ""stability_strategy"": ""periodic"", ""weight_schedule"": ""adaptive""}","[0, 1, 2, 3, 4, 5, 6, 7, 8, 9, 10, 11, 12, 13, 14, 15, 16, 17, 18, 19, 20, 21, 22, 23, 24, 25, 26, 27, 28, 29]",0.9523809523809523,0.9415966386554622,0.9629629629629629,0.8978643631072699,0.9738895558223288,0.9710422336342769,0.9831932773109243,0.9,-0.4284730209476318,0.5848266922863196,-0.026753681620938607
breast_cancer,EHOA,424264,524267,outer_1,repeated_nested_cv,30,14,0.4666666666666667,0.046385826771653586,24,0.8318931000003431,0.30191280000053666,0.6963558197021484,0.378780198698066,"{""bootstrap_count"": 5, ""eta_consolidation"": 0.3, ""eta_exploration"": 0.45, ""interaction_top_k"": 30, ""lambda_interaction"": 0.5, ""lambda_stability"": 0.5, ""reliability_rho"": 0.6, ""reliability_source"": ""resampling"", ""resample_fraction"": 0.8, ""stability_interval"": 2, ""stability_strategy"": ""periodic"", ""weight_schedule"": ""adaptive""}","[0, 1, 3, 4, 5, 7, 9, 15, 16, 18, 21, 24, 27, 29]",0.9421052631578948,0.9481003669073264,0.9523809523809523,0.8813565523121925,0.9810036690732631,0.9819345731903488,0.9243697478991597,0.971830985915493,-0.3340786340555248,0.39810512243174784,0.09923771880293608
breast_cancer,SF-EHOA,424264,524267,outer_1,repeated_nested_cv,30,14,0.4666666666666667,0.043787401574803236,25,2.129545599999801,0.2924984000001132,1.3939437866210938,0.3826326400178232,"{""bootstrap_count"": 5, ""eta_consolidation"": 0.3, ""eta_exploration"": 0.45, ""interaction_top_k"": 30, ""lambda_interaction"": 0.5, ""lambda_stability"": 0.5, ""reliability_rho"": 0.6, ""reliability_source"": ""resampling"", ""resample_fraction"": 0.8, ""stability_interval"": 2, ""stability_strategy"": ""periodic"", ""weight_schedule"": ""adaptive""}","[0, 1, 4, 5, 7, 9, 15, 16, 18, 20, 21, 24, 27, 29]",0.9421052631578948,0.9481003669073264,0.9523809523809523,0.8813565523121925,0.9826014913007457,0.9829745519034586,0.9243697478991597,0.971830985915493,-0.3345250353898153,0.4280925736546469,0.1353182385451951
breast_cancer,IG-EHOA,424264,524267,outer_1,repeated_nested_cv,30,14,0.4666666666666667,0.046385826771653586,24,2.658394799999769,0.324039700000867,1.4778871536254883,0.378780198698066,"{""bootstrap_count"": 5, ""eta_consolidation"": 0.3, ""eta_exploration"": 0.45, ""interaction_top_k"": 30, ""lambda_interaction"": 0.5, ""lambda_stability"": 0.5, ""reliability_rho"": 0.6, ""reliability_source"": ""resampling"", ""resample_fraction"": 0.8, ""stability_interval"": 2, ""stability_strategy"": ""periodic"", ""weight_schedule"": ""adaptive""}","[0, 1, 3, 4, 5, 7, 9, 15, 16, 18, 21, 24, 27, 29]",0.9421052631578948,0.9481003669073264,0.9523809523809523,0.8813565523121925,0.9810036690732631,0.9819345731903488,0.9243697478991597,0.971830985915493,-0.3340786340555248,0.4145480067577703,0.10431153593512865
breast_cancer,DFA-EHOA,424264,524267,outer_1,repeated_nested_cv,30,14,0.4666666666666667,0.043787401574803236,25,4.234135500000775,0.3156933999998728,1.4638338088989258,0.3826326400178232,"{""bootstrap_count"": 5, ""eta_consolidation"": 0.3, ""eta_exploration"": 0.45, ""interaction_top_k"": 30, ""lambda_interaction"": 0.5, ""lambda_stability"": 0.5, ""reliability_rho"": 0.6, ""reliability_source"": ""resampling"", ""resample_fraction"": 0.8, ""stability_interval"": 2, ""stability_strategy"": ""periodic"", ""weight_schedule"": ""adaptive""}","[0, 1, 4, 5, 7, 9, 15, 16, 18, 20, 21, 24, 27, 29]",0.9421052631578948,0.9481003669073264,0.9523809523809523,0.8813565523121925,0.9826014913007457,0.9829745519034586,0.9243697478991597,0.971830985915493,-0.3345250353898153,0.42644070124925076,0.15640880858272155
breast_cancer,ECG-EHOA,424264,524267,outer_1,repeated_nested_cv,30,14,0.4666666666666667,0.046385826771653586,24,2.6587680000002365,0.497128299999531,1.3793296813964844,0.378780198698066,"{""bootstrap_count"": 5, ""consensus_confidence"": 0.2, ""eta_consolidation"": 0.3, ""eta_exploration"": 0.45, ""evidence_floor"": 0.05, ""interaction_top_k"": 30, ""lambda_interaction"": 0.5, ""lambda_stability"": 0.5, ""minimum_trust"": 0.1, ""reliability_rho"": 0.6, ""reliability_source"": ""resampling"", ""resample_fraction"": 0.8, ""stability_interval"": 2, ""stability_strategy"": ""periodic"", ""trust_decay"": 0.85, ""trust_reward"": 0.2, ""weight_schedule"": ""adaptive""}","[0, 1, 3, 4, 5, 7, 9, 15, 16, 18, 21, 24, 27, 29]",0.9421052631578948,0.9481003669073264,0.9523809523809523,0.8813565523121925,0.9810036690732631,0.9819345731903488,0.9243697478991597,0.971830985915493,-0.3340786340555248,0.4107001695127444,0.11223036223036209
breast_cancer,M-EHOA,424264,524267,outer_1,repeated_nested_cv,30,13,0.43333333333333335,0.0434540682414699,82,3.7319382000005135,0.31431439999960276,1.0442752838134766,0.34952099356700117,"{""bootstrap_count"": 5, ""eta_consolidation"": 0.3, ""eta_exploration"": 0.45, ""interaction_top_k"": 30, ""lambda_interaction"": 0.5, ""lambda_stability"": 0.5, ""reliability_rho"": 0.6, ""reliability_source"": ""resampling"", ""resample_fraction"": 0.8, ""stability_interval"": 2, ""stability_strategy"": ""periodic"", ""weight_schedule"": ""adaptive""}","[0, 1, 3, 4, 7, 9, 15, 16, 18, 21, 24, 27, 29]",0.9473684210526315,0.9551426204284531,0.9565217391304348,0.8935217350750256,0.982009705290567,0.9826937702514493,0.9243697478991597,0.9859154929577465,-0.24129223728167412,0.3808674344555351,0.11174930744402356
breast_cancer,A-EHOA,424264,524267,outer_1,repeated_nested_cv,30,12,0.4,0.048075175060597886,25,1.0298407000000225,0.3480405999998766,0.9050045013427734,0.4076146783867032,"{""bootstrap_count"": 5, ""eta_consolidation"": 0.3, ""eta_exploration"": 0.45, ""interaction_top_k"": 30, ""lambda_interaction"": 0.5, ""lambda_stability"": 0.5, ""reliability_rho"": 0.6, ""reliability_source"": ""resampling"", ""resample_fraction"": 0.8, ""stability_interval"": 2, ""stability_strategy"": ""periodic"", ""weight_schedule"": ""adaptive""}","[2, 4, 7, 10, 11, 15, 20, 21, 23, 24, 27, 29]",0.9526315789473684,0.9565037282518641,0.9613733905579399,0.9016080022836023,0.9850278139424784,0.9851819091463792,0.9411764705882353,0.971830985915493,-0.2709895118899867,0.39854592957966806,0.1133705749683146
breast_cancer,G-EHOA,424264,524267,outer_1,repeated_nested_cv,30,30,1.0,0.05964831335847017,24,0.9325375999987955,0.4382293999997273,0.9797153472900391,0.40429068141234953,"{""bootstrap_count"": 5, ""eta_consolidation"": 0.3, ""eta_exploration"": 0.45, ""interaction_top_k"": 30, ""lambda_interaction"": 0.5, ""lambda_stability"": 0.5, ""reliability_rho"": 0.6, ""reliability_source"": ""resampling"", ""resample_fraction"": 0.8, ""stability_interval"": 2, ""stability_strategy"": ""periodic"", ""weight_schedule"": ""adaptive""}","[0, 1, 2, 3, 4, 5, 6, 7, 8, 9, 10, 11, 12, 13, 14, 15, 16, 17, 18, 19, 20, 21, 22, 23, 24, 25, 26, 27, 28, 29]",0.9631578947368421,0.964907089596402,0.9702127659574468,0.9224736407417351,0.977334595810155,0.975969368801252,0.957983193277311,0.971830985915493,-0.39974680997471723,0.5848266922863196,-0.026753681620938607
breast_cancer,EHOA,424264,624270,outer_2,repeated_nested_cv,30,13,0.43333333333333335,0.033039745031871084,24,0.6378855000002659,0.2562817999996696,0.5985336303710938,0.4205308180342379,"{""bootstrap_count"": 5, ""eta_consolidation"": 0.3, ""eta_exploration"": 0.45, ""interaction_top_k"": 30, ""lambda_interaction"": 0.5, ""lambda_stability"": 0.5, ""reliability_rho"": 0.6, ""reliability_source"": ""resampling"", ""resample_fraction"": 0.8, ""stability_interval"": 2, ""stability_strategy"": ""periodic"", ""weight_schedule"": ""adaptive""}","[2, 4, 6, 10, 13, 18, 20, 21, 22, 23, 24, 27, 29]",0.9631578947368421,0.9620665167475441,0.9704641350210971,0.9215733295732883,0.9910048526452834,0.9929883361998831,0.9663865546218487,0.9577464788732394,-0.26365004054697583,0.39810512243174784,0.09923771880293608
breast_cancer,SF-EHOA,424264,624270,outer_2,repeated_nested_cv,30,15,0.5,0.031107986501687182,24,2.0462532999999894,0.34630080000079033,1.4030723571777344,0.3480107523357573,"{""bootstrap_count"": 5, ""eta_consolidation"": 0.3, ""eta_exploration"": 0.45, ""interaction_top_k"": 30, ""lambda_interaction"": 0.5, ""lambda_stability"": 0.5, ""reliability_rho"": 0.6, ""reliability_source"": ""resampling"", ""resample_fraction"": 0.8, ""stability_interval"": 2, ""stability_strategy"": ""periodic"", ""weight_schedule"": ""adaptive""}","[1, 2, 4, 6, 10, 14, 16, 18, 20, 21, 22, 23, 24, 27, 29]",0.9421052631578948,0.9395786483607527,0.9535864978902954,0.8767221685540966,0.992602674872766,0.9941030810822284,0.9495798319327731,0.9295774647887324,-0.14192648745700978,0.4280925736546469,0.1353182385451951
breast_cancer,IG-EHOA,424264,624270,outer_2,repeated_nested_cv,30,16,0.5333333333333333,0.03140007499062615,25,2.3774961999997686,0.3051335000000108,1.3674020767211914,0.3736283293329831,"{""bootstrap_count"": 5, ""eta_consolidation"": 0.3, ""eta_exploration"": 0.45, ""interaction_top_k"": 30, ""lambda_interaction"": 0.5, ""lambda_stability"": 0.5, ""reliability_rho"": 0.6, ""reliability_source"": ""resampling"", ""resample_fraction"": 0.8, ""stability_interval"": 2, ""stability_strategy"": ""periodic"", ""weight_schedule"": ""adaptive""}","[2, 4, 6, 10, 13, 14, 16, 17, 18, 20, 21, 22, 23, 24, 27, 29]",0.9578947368421052,0.9578648360752752,0.9661016949152542,0.9107843947529072,0.9826014913007457,0.983018439244505,0.957983193277311,0.9577464788732394,-0.2102833954638034,0.4145480067577703,0.10431153593512865
breast_cancer,DFA-EHOA,424264,624270,outer_2,repeated_nested_cv,30,15,0.5,0.031107986501687182,25,2.3631579000002603,0.2693431999996392,1.3880672454833984,0.3480107523357573,"{""bootstrap_count"": 5, ""eta_consolidation"": 0.3, ""eta_exploration"": 0.45, ""interaction_top_k"": 30, ""lambda_interaction"": 0.5, ""lambda_stability"": 0.5, ""reliability_rho"": 0.6, ""reliability_source"": ""resampling"", ""resample_fraction"": 0.8, ""stability_interval"": 2, ""stability_strategy"": ""periodic"", ""weight_schedule"": ""adaptive""}","[1, 2, 4, 6, 10, 14, 16, 18, 20, 21, 22, 23, 24, 27, 29]",0.9421052631578948,0.9395786483607527,0.9535864978902954,0.8767221685540966,0.992602674872766,0.9941030810822284,0.9495798319327731,0.9295774647887324,-0.14192648745700978,0.42644070124925076,0.15640880858272155
breast_cancer,ECG-EHOA,424264,624270,outer_2,repeated_nested_cv,30,13,0.43333333333333335,0.033039745031871084,24,3.242656700000225,0.4284859999997934,1.4954853057861328,0.4205308180342379,"{""bootstrap_count"": 5, ""consensus_confidence"": 0.2, ""eta_consolidation"": 0.3, ""eta_exploration"": 0.45, ""evidence_floor"": 0.05, ""interaction_top_k"": 30, ""lambda_interaction"": 0.5, ""lambda_stability"": 0.5, ""minimum_trust"": 0.1, ""reliability_rho"": 0.6, ""reliability_source"": ""resampling"", ""resample_fraction"": 0.8, ""stability_interval"": 2, ""stability_strategy"": ""periodic"", ""trust_decay"": 0.85, ""trust_reward"": 0.2, ""weight_schedule"": ""adaptive""}","[2, 4, 6, 10, 13, 18, 20, 21, 22, 23, 24, 27, 29]",0.9631578947368421,0.9620665167475441,0.9704641350210971,0.9215733295732883,0.9910048526452834,0.9929883361998831,0.9663865546218487,0.9577464788732394,-0.26365004054697583,0.4107001695127444,0.11223036223036209
breast_cancer,M-EHOA,424264,624270,outer_2,repeated_nested_cv,30,13,0.43333333333333335,0.022625421822272167,83,4.605685200000153,0.38966919999984384,1.0210075378417969,0.38158430053544656,"{""bootstrap_count"": 5, ""eta_consolidation"": 0.3, ""eta_exploration"": 0.45, ""interaction_top_k"": 30, ""lambda_interaction"": 0.5, ""lambda_stability"": 0.5, ""reliability_rho"": 0.6, ""reliability_source"": ""resampling"", ""resample_fraction"": 0.8, ""stability_interval"": 2, ""stability_strategy"": ""periodic"", ""weight_schedule"": ""adaptive""}","[2, 4, 6, 9, 10, 13, 18, 20, 21, 22, 23, 24, 29]",0.9473684210526315,0.9466209018818794,0.9576271186440678,0.8884179691353484,0.9923067818676766,0.9929899884307458,0.9495798319327731,0.9436619718309859,-0.22223148874022475,0.3808674344555351,0.11174930744402356
breast_cancer,A-EHOA,424264,624270,outer_2,repeated_nested_cv,30,12,0.4,0.031277437382170856,23,1.3691555000004882,0.39189469999928406,0.7455854415893555,0.3357200598670135,"{""bootstrap_count"": 5, ""eta_consolidation"": 0.3, ""eta_exploration"": 0.45, ""interaction_top_k"": 30, ""lambda_interaction"": 0.5, ""lambda_stability"": 0.5, ""reliability_rho"": 0.6, ""reliability_source"": ""resampling"", ""resample_fraction"": 0.8, ""stability_interval"": 2, ""stability_strategy"": ""periodic"", ""weight_schedule"": ""adaptive""}","[2, 3, 6, 14, 15, 16, 18, 21, 23, 24, 27, 29]",0.9368421052631579,0.9325363948396259,0.9495798319327731,0.8650727896792519,0.9695821990768139,0.9705095278354127,0.9495798319327731,0.9154929577464789,-0.10944626599588621,0.39854592957966806,0.1133705749683146
breast_cancer,G-EHOA,424264,624270,outer_2,repeated_nested_cv,30,30,1.0,0.04346493738217073,24,1.2225987000001624,0.3679952000002231,0.6770143508911133,0.38499923821794885,"{""bootstrap_count"": 5, ""eta_consolidation"": 0.3, ""eta_exploration"": 0.45, ""interaction_top_k"": 30, ""lambda_interaction"": 0.5, ""lambda_stability"": 0.5, ""reliability_rho"": 0.6, ""reliability_source"": ""resampling"", ""resample_fraction"": 0.8, ""stability_interval"": 2, ""stability_strategy"": ""periodic"", ""weight_schedule"": ""adaptive""}","[0, 1, 2, 3, 4, 5, 6, 7, 8, 9, 10, 11, 12, 13, 14, 15, 16, 17, 18, 19, 20, 21, 22, 23, 24, 25, 26, 27, 28, 29]",0.9473684210526315,0.9437803290330217,0.957983193277311,0.8875606580660433,0.9884009942004971,0.9911950487320746,0.957983193277311,0.9295774647887324,-0.40135914608102197,0.5848266922863196,-0.026753681620938607
breast_cancer,EHOA,424264,724273,outer_3,repeated_nested_cv,30,14,0.4666666666666667,0.03067154105736782,25,1.005653700000039,0.3870508999998492,0.8800077438354492,0.4569839901904051,"{""bootstrap_count"": 5, ""eta_consolidation"": 0.3, ""eta_exploration"": 0.45, ""interaction_top_k"": 30, ""lambda_interaction"": 0.5, ""lambda_stability"": 0.5, ""reliability_rho"": 0.6, ""reliability_source"": ""resampling"", ""resample_fraction"": 0.8, ""stability_interval"": 2, ""stability_strategy"": ""periodic"", ""weight_schedule"": ""adaptive""}","[0, 1, 4, 5, 7, 10, 16, 18, 20, 21, 22, 25, 26, 27]",0.9735449735449735,0.9701680672268908,0.9790794979079498,0.9431710402960837,0.9960984393757504,0.9968223289315726,0.9831932773109243,0.9571428571428572,-0.34509829738268205,0.39810512243174784,0.09923771880293608
breast_cancer,SF-EHOA,424264,724273,outer_3,repeated_nested_cv,30,17,0.5666666666666667,0.03426996625421817,25,2.154010400000516,0.28051789999972243,1.476883888244629,0.4202369318998,"{""bootstrap_count"": 5, ""eta_consolidation"": 0.3, ""eta_exploration"": 0.45, ""interaction_top_k"": 30, ""lambda_interaction"": 0.5, ""lambda_stability"": 0.5, ""reliability_rho"": 0.6, ""reliability_source"": ""resampling"", ""resample_fraction"": 0.8, ""stability_interval"": 2, ""stability_strategy"": ""periodic"", ""weight_schedule"": ""adaptive""}","[0, 1, 3, 4, 5, 7, 10, 11, 15, 16, 18, 20, 22, 24, 25, 26, 27]",0.9629629629629629,0.9588235294117646,0.9707112970711297,0.9204135621119959,0.995078031212485,0.9958699004931605,0.9747899159663865,0.9428571428571428,-0.33392193635137407,0.4280925736546469,0.1353182385451951
breast_cancer,IG-EHOA,424264,724273,outer_3,repeated_nested_cv,30,14,0.4666666666666667,0.030712785901762185,25,2.335295199999564,0.35195800000019517,1.4898395538330078,0.413523260125169,"{""bootstrap_count"": 5, ""eta_consolidation"": 0.3, ""eta_exploration"": 0.45, ""interaction_top_k"": 30, ""lambda_interaction"": 0.5, ""lambda_stability"": 0.5, ""reliability_rho"": 0.6, ""reliability_source"": ""resampling"", ""resample_fraction"": 0.8, ""stability_interval"": 2, ""stability_strategy"": ""periodic"", ""weight_schedule"": ""adaptive""}","[0, 3, 5, 7, 8, 12, 18, 19, 20, 21, 24, 26, 27, 29]",0.9735449735449735,0.9701680672268908,0.9790794979079498,0.9431710402960837,0.9828931572629052,0.9806666962239441,0.9831932773109243,0.9571428571428572,-0.3000871338245293,0.4145480067577703,0.10431153593512865
breast_cancer,DFA-EHOA,424264,724273,outer_3,repeated_nested_cv,30,14,0.4666666666666667,0.030712785901762185,25,3.737496900000224,0.6576684000001478,1.3362054824829102,0.413523260125169,"{""bootstrap_count"": 5, ""eta_consolidation"": 0.3, ""eta_exploration"": 0.45, ""interaction_top_k"": 30, ""lambda_interaction"": 0.5, ""lambda_stability"": 0.5, ""reliability_rho"": 0.6, ""reliability_source"": ""resampling"", ""resample_fraction"": 0.8, ""stability_interval"": 2, ""stability_strategy"": ""periodic"", ""weight_schedule"": ""adaptive""}","[0, 3, 5, 7, 8, 12, 18, 19, 20, 21, 24, 26, 27, 29]",0.9735449735449735,0.9701680672268908,0.9790794979079498,0.9431710402960837,0.9828931572629052,0.9806666962239441,0.9831932773109243,0.9571428571428572,-0.3000871338245293,0.42644070124925076,0.15640880858272155
breast_cancer,ECG-EHOA,424264,724273,outer_3,repeated_nested_cv,30,14,0.4666666666666667,0.030712785901762185,25,4.064394099999845,0.27173100000072736,1.3759040832519531,0.413523260125169,"{""bootstrap_count"": 5, ""consensus_confidence"": 0.2, ""eta_consolidation"": 0.3, ""eta_exploration"": 0.45, ""evidence_floor"": 0.05, ""interaction_top_k"": 30, ""lambda_interaction"": 0.5, ""lambda_stability"": 0.5, ""minimum_trust"": 0.1, ""reliability_rho"": 0.6, ""reliability_source"": ""resampling"", ""resample_fraction"": 0.8, ""stability_interval"": 2, ""stability_strategy"": ""periodic"", ""trust_decay"": 0.85, ""trust_reward"": 0.2, ""weight_schedule"": ""adaptive""}","[0, 3, 5, 7, 8, 12, 18, 19, 20, 21, 24, 26, 27, 29]",0.9735449735449735,0.9701680672268908,0.9790794979079498,0.9431710402960837,0.9828931572629052,0.9806666962239441,0.9831932773109243,0.9571428571428572,-0.3000871338245293,0.4107001695127444,0.11223036223036209
breast_cancer,M-EHOA,424264,724273,outer_3,repeated_nested_cv,30,12,0.4,0.027427071616047984,84,4.730316300000595,0.39271650000046066,1.054056167602539,0.4146138295733674,"{""bootstrap_count"": 5, ""eta_consolidation"": 0.3, ""eta_exploration"": 0.45, ""interaction_top_k"": 30, ""lambda_interaction"": 0.5, ""lambda_stability"": 0.5, ""reliability_rho"": 0.6, ""reliability_source"": ""resampling"", ""resample_fraction"": 0.8, ""stability_interval"": 2, ""stability_strategy"": ""periodic"", ""weight_schedule"": ""adaptive""}","[0, 1, 4, 5, 10, 16, 18, 20, 21, 22, 26, 27]",0.9682539682539683,0.9600840336134454,0.9752066115702479,0.932105638235028,0.9821128451380552,0.9795383794893787,0.9915966386554622,0.9285714285714286,-0.24397475584599482,0.3808674344555351,0.11174930744402356
breast_cancer,A-EHOA,424264,724273,outer_3,repeated_nested_cv,30,14,0.4666666666666667,0.04353754264296615,25,1.0736087000004773,0.3518407000001389,0.8770952224731445,0.439077511187951,"{""bootstrap_count"": 5, ""eta_consolidation"": 0.3, ""eta_exploration"": 0.45, ""interaction_top_k"": 30, ""lambda_interaction"": 0.5, ""lambda_stability"": 0.5, ""reliability_rho"": 0.6, ""reliability_source"": ""resampling"", ""resample_fraction"": 0.8, ""stability_interval"": 2, ""stability_strategy"": ""periodic"", ""weight_schedule"": ""adaptive""}","[0, 1, 3, 5, 7, 9, 15, 16, 17, 18, 21, 22, 26, 27]",0.9841269841269841,0.9815126050420169,0.9874476987447699,0.9659285184801715,0.9968787515006002,0.9972646825097176,0.9915966386554622,0.9714285714285714,-0.3773996660110059,0.39854592957966806,0.1133705749683146
breast_cancer,G-EHOA,424264,724273,outer_3,repeated_nested_cv,30,30,1.0,0.04128745286830059,25,1.090803600000072,0.306561999999758,0.9598321914672852,0.3986459235309181,"{""bootstrap_count"": 5, ""eta_consolidation"": 0.3, ""eta_exploration"": 0.45, ""interaction_top_k"": 30, ""lambda_interaction"": 0.5, ""lambda_stability"": 0.5, ""reliability_rho"": 0.6, ""reliability_source"": ""resampling"", ""resample_fraction"": 0.8, ""stability_interval"": 2, ""stability_strategy"": ""periodic"", ""weight_schedule"": ""adaptive""}","[0, 1, 2, 3, 4, 5, 6, 7, 8, 9, 10, 11, 12, 13, 14, 15, 16, 17, 18, 19, 20, 21, 22, 23, 24, 25, 26, 27, 28, 29]",0.9682539682539683,0.9659663865546219,0.9747899159663865,0.9319327731092437,0.9882953181272509,0.9876926245923345,0.9747899159663865,0.9571428571428572,-0.386046852646162,0.5848266922863196,-0.026753681620938607
breast_cancer,EHOA,435889,535892,outer_1,repeated_nested_cv,30,12,0.4,0.04835883014623175,25,1.0672033999999258,0.2974975999995877,0.6991987228393555,0.3593421040707351,"{""bootstrap_count"": 5, ""eta_consolidation"": 0.3, ""eta_exploration"": 0.45, ""interaction_top_k"": 30, ""lambda_interaction"": 0.5, ""lambda_stability"": 0.5, ""reliability_rho"": 0.6, ""reliability_source"": ""resampling"", ""resample_fraction"": 0.8, ""stability_interval"": 2, ""stability_strategy"": ""periodic"", ""weight_schedule"": ""adaptive""}","[1, 3, 7, 11, 13, 15, 16, 18, 20, 26, 27, 29]",0.9473684210526315,0.9437803290330217,0.957983193277311,0.8875606580660433,0.9875133151852291,0.9871622354178179,0.957983193277311,0.9295774647887324,-0.17270292006251667,0.39810512243174784,0.09923771880293608
breast_cancer,SF-EHOA,435889,535892,outer_1,repeated_nested_cv,30,12,0.4,0.04835883014623175,25,2.608298900000591,0.35399520000009943,1.483999252319336,0.3593421040707351,"{""bootstrap_count"": 5, ""eta_consolidation"": 0.3, ""eta_exploration"": 0.45, ""interaction_top_k"": 30, ""lambda_interaction"": 0.5, ""lambda_stability"": 0.5, ""reliability_rho"": 0.6, ""reliability_source"": ""resampling"", ""resample_fraction"": 0.8, ""stability_interval"": 2, ""stability_strategy"": ""periodic"", ""weight_schedule"": ""adaptive""}","[1, 3, 7, 11, 13, 15, 16, 18, 20, 26, 27, 29]",0.9473684210526315,0.9437803290330217,0.957983193277311,0.8875606580660433,0.9875133151852291,0.9871622354178179,0.957983193277311,0.9295774647887324,-0.17270292006251667,0.4280925736546469,0.1353182385451951
breast_cancer,IG-EHOA,435889,535892,outer_1,repeated_nested_cv,30,12,0.4,0.05097787776527939,23,2.309389899999587,0.24533590000010008,1.4119462966918945,0.40426527387137645,"{""bootstrap_count"": 5, ""eta_consolidation"": 0.3, ""eta_exploration"": 0.45, ""interaction_top_k"": 30, ""lambda_interaction"": 0.5, ""lambda_stability"": 0.5, ""reliability_rho"": 0.6, ""reliability_source"": ""resampling"", ""resample_fraction"": 0.8, ""stability_interval"": 2, ""stability_strategy"": ""periodic"", ""weight_schedule"": ""adaptive""}","[1, 3, 7, 12, 13, 15, 16, 18, 20, 25, 27, 29]",0.968421052631579,0.966268197419813,0.9747899159663865,0.932536394839626,0.9898804592259439,0.9887953161013138,0.9747899159663865,0.9577464788732394,-0.28257022034863405,0.4145480067577703,0.10431153593512865
breast_cancer,DFA-EHOA,435889,535892,outer_1,repeated_nested_cv,30,12,0.4,0.05097787776527939,23,2.2860551000003397,0.2628364000001966,1.4562082290649414,0.40426527387137645,"{""bootstrap_count"": 5, ""eta_consolidation"": 0.3, ""eta_exploration"": 0.45, ""interaction_top_k"": 30, ""lambda_interaction"": 0.5, ""lambda_stability"": 0.5, ""reliability_rho"": 0.6, ""reliability_source"": ""resampling"", ""resample_fraction"": 0.8, ""stability_interval"": 2, ""stability_strategy"": ""periodic"", ""weight_schedule"": ""adaptive""}","[1, 3, 7, 12, 13, 15, 16, 18, 20, 25, 27, 29]",0.968421052631579,0.966268197419813,0.9747899159663865,0.932536394839626,0.9898804592259439,0.9887953161013138,0.9747899159663865,0.9577464788732394,-0.28257022034863405,0.42644070124925076,0.15640880858272155
breast_cancer,ECG-EHOA,435889,535892,outer_1,repeated_nested_cv,30,12,0.4,0.05097787776527939,24,2.324951399999918,0.2526858999999604,1.4659252166748047,0.40426527387137645,"{""bootstrap_count"": 5, ""consensus_confidence"": 0.2, ""eta_consolidation"": 0.3, ""eta_exploration"": 0.45, ""evidence_floor"": 0.05, ""interaction_top_k"": 30, ""lambda_interaction"": 0.5, ""lambda_stability"": 0.5, ""minimum_trust"": 0.1, ""reliability_rho"": 0.6, ""reliability_source"": ""resampling"", ""resample_fraction"": 0.8, ""stability_interval"": 2, ""stability_strategy"": ""periodic"", ""trust_decay"": 0.85, ""trust_reward"": 0.2, ""weight_schedule"": ""adaptive""}","[1, 3, 7, 12, 13, 15, 16, 18, 20, 25, 27, 29]",0.968421052631579,0.966268197419813,0.9747899159663865,0.932536394839626,0.9898804592259439,0.9887953161013138,0.9747899159663865,0.9577464788732394,-0.28257022034863405,0.4107001695127444,0.11223036223036209
breast_cancer,M-EHOA,435889,535892,outer_1,repeated_nested_cv,30,14,0.4666666666666667,0.04123022122234725,84,2.592978200000289,0.2686478999994506,1.0262222290039062,0.3655311704636657,"{""bootstrap_count"": 5, ""eta_consolidation"": 0.3, ""eta_exploration"": 0.45, ""interaction_top_k"": 30, ""lambda_interaction"": 0.5, ""lambda_stability"": 0.5, ""reliability_rho"": 0.6, ""reliability_source"": ""resampling"", ""resample_fraction"": 0.8, ""stability_interval"": 2, ""stability_strategy"": ""periodic"", ""weight_schedule"": ""adaptive""}","[1, 3, 7, 11, 13, 15, 16, 18, 19, 20, 23, 26, 27, 29]",0.9473684210526315,0.9437803290330217,0.957983193277311,0.8875606580660433,0.9813587406793703,0.9793651350745762,0.957983193277311,0.9295774647887324,-0.18021237967068915,0.3808674344555351,0.11174930744402356
breast_cancer,A-EHOA,435889,535892,outer_1,repeated_nested_cv,30,12,0.4,0.05220017506059787,25,0.8647673000004943,0.2871698999997534,0.7783145904541016,0.3593421040707351,"{""bootstrap_count"": 5, ""eta_consolidation"": 0.3, ""eta_exploration"": 0.45, ""interaction_top_k"": 30, ""lambda_interaction"": 0.5, ""lambda_stability"": 0.5, ""reliability_rho"": 0.6, ""reliability_source"": ""resampling"", ""resample_fraction"": 0.8, ""stability_interval"": 2, ""stability_strategy"": ""periodic"", ""weight_schedule"": ""adaptive""}","[1, 3, 7, 11, 13, 15, 16, 18, 20, 26, 27, 29]",0.9473684210526315,0.9437803290330217,0.957983193277311,0.8875606580660433,0.9875133151852291,0.9871622354178179,0.957983193277311,0.9295774647887324,-0.17270292006251667,0.39854592957966806,0.1133705749683146
breast_cancer,G-EHOA,435889,535892,outer_1,repeated_nested_cv,30,30,1.0,0.06299175195259893,25,0.8028942000000825,0.2954074999997829,0.6999692916870117,0.3922834081649459,"{""bootstrap_count"": 5, ""eta_consolidation"": 0.3, ""eta_exploration"": 0.45, ""interaction_top_k"": 30, ""lambda_interaction"": 0.5, ""lambda_stability"": 0.5, ""reliability_rho"": 0.6, ""reliability_source"": ""resampling"", ""resample_fraction"": 0.8, ""stability_interval"": 2, ""stability_strategy"": ""periodic"", ""weight_schedule"": ""adaptive""}","[0, 1, 2, 3, 4, 5, 6, 7, 8, 9, 10, 11, 12, 13, 14, 15, 16, 17, 18, 19, 20, 21, 22, 23, 24, 25, 26, 27, 28, 29]",0.9736842105263158,0.9704698780920819,0.9790794979079498,0.9436801731761278,0.9855012427506213,0.9860730058242071,0.9831932773109243,0.9577464788732394,-0.41110204167846315,0.5848266922863196,-0.026753681620938607
breast_cancer,EHOA,435889,635895,outer_2,repeated_nested_cv,30,17,0.5666666666666667,0.036971503562054774,25,0.7028406999997969,0.29657899999983783,0.7222042083740234,0.41468862663229394,"{""bootstrap_count"": 5, ""eta_consolidation"": 0.3, ""eta_exploration"": 0.45, ""interaction_top_k"": 30, ""lambda_interaction"": 0.5, ""lambda_stability"": 0.5, ""reliability_rho"": 0.6, ""reliability_source"": ""resampling"", ""resample_fraction"": 0.8, ""stability_interval"": 2, ""stability_strategy"": ""periodic"", ""weight_schedule"": ""adaptive""}","[0, 1, 3, 6, 7, 11, 12, 13, 15, 16, 18, 20, 21, 23, 25, 27, 29]",0.968421052631579,0.9605870517220974,0.9752066115702479,0.9327267201397125,0.9753817019765654,0.9718048497861879,0.9915966386554622,0.9295774647887324,-0.34021504789790635,0.39810512243174784,0.09923771880293608
breast_cancer,SF-EHOA,435889,635895,outer_2,repeated_nested_cv,30,19,0.6333333333333333,0.03759692538432685,25,1.8744188999999096,0.2579892000003383,1.3356351852416992,0.43269043345486563,"{""bootstrap_count"": 5, ""eta_consolidation"": 0.3, ""eta_exploration"": 0.45, ""interaction_top_k"": 30, ""lambda_interaction"": 0.5, ""lambda_stability"": 0.5, ""reliability_rho"": 0.6, ""reliability_source"": ""resampling"", ""resample_fraction"": 0.8, ""stability_interval"": 2, ""stability_strategy"": ""periodic"", ""weight_schedule"": ""adaptive""}","[0, 1, 2, 3, 4, 6, 7, 12, 13, 15, 16, 18, 19, 20, 21, 22, 23, 27, 29]",0.9473684210526315,0.9324180376375902,0.959349593495935,0.8887186971360161,0.9807669546691916,0.9787811156500363,0.9915966386554622,0.8732394366197183,-0.37707107779152665,0.4280925736546469,0.1353182385451951
breast_cancer,IG-EHOA,435889,635895,outer_2,repeated_nested_cv,30,17,0.5666666666666667,0.036971503562054774,25,2.085709300000417,0.25867659999948955,1.410313606262207,0.41468862663229394,"{""bootstrap_count"": 5, ""eta_consolidation"": 0.3, ""eta_exploration"": 0.45, ""interaction_top_k"": 30, ""lambda_interaction"": 0.5, ""lambda_stability"": 0.5, ""reliability_rho"": 0.6, ""reliability_source"": ""resampling"", ""resample_fraction"": 0.8, ""stability_interval"": 2, ""stability_strategy"": ""periodic"", ""weight_schedule"": ""adaptive""}","[0, 1, 3, 6, 7, 11, 12, 13, 15, 16, 18, 20, 21, 23, 25, 27, 29]",0.968421052631579,0.9605870517220974,0.9752066115702479,0.9327267201397125,0.9753817019765654,0.9718048497861879,0.9915966386554622,0.9295774647887324,-0.34021504789790635,0.4145480067577703,0.10431153593512865
breast_cancer,DFA-EHOA,435889,635895,outer_2,repeated_nested_cv,30,19,0.6333333333333333,0.03759692538432685,25,2.044205499999407,0.37205600000015693,1.440938949584961,0.43269043345486563,"{""bootstrap_count"": 5, ""eta_consolidation"": 0.3, ""eta_exploration"": 0.45, ""interaction_top_k"": 30, ""lambda_interaction"": 0.5, ""lambda_stability"": 0.5, ""reliability_rho"": 0.6, ""reliability_source"": ""resampling"", ""resample_fraction"": 0.8, ""stability_interval"": 2, ""stability_strategy"": ""periodic"", ""weight_schedule"": ""adaptive""}","[0, 1, 2, 3, 4, 6, 7, 12, 13, 15, 16, 18, 19, 20, 21, 22, 23, 27, 29]",0.9473684210526315,0.9324180376375902,0.959349593495935,0.8887186971360161,0.9807669546691916,0.9787811156500363,0.9915966386554622,0.8732394366197183,-0.37707107779152665,0.42644070124925076,0.15640880858272155
breast_cancer,ECG-EHOA,435889,635895,outer_2,repeated_nested_cv,30,17,0.5666666666666667,0.036971503562054774,25,2.1819157999998424,0.27589739999984886,1.4241180419921875,0.41468862663229394,"{""bootstrap_count"": 5, ""consensus_confidence"": 0.2, ""eta_consolidation"": 0.3, ""eta_exploration"": 0.45, ""evidence_floor"": 0.05, ""interaction_top_k"": 30, ""lambda_interaction"": 0.5, ""lambda_stability"": 0.5, ""minimum_trust"": 0.1, ""reliability_rho"": 0.6, ""reliability_source"": ""resampling"", ""resample_fraction"": 0.8, ""stability_interval"": 2, ""stability_strategy"": ""periodic"", ""trust_decay"": 0.85, ""trust_reward"": 0.2, ""weight_schedule"": ""adaptive""}","[0, 1, 3, 6, 7, 11, 12, 13, 15, 16, 18, 20, 21, 23, 25, 27, 29]",0.968421052631579,0.9605870517220974,0.9752066115702479,0.9327267201397125,0.9753817019765654,0.9718048497861879,0.9915966386554622,0.9295774647887324,-0.34021504789790635,0.4107001695127444,0.11223036223036209
breast_cancer,M-EHOA,435889,635895,outer_2,repeated_nested_cv,30,15,0.5,0.031066741657292816,84,3.106184100000064,0.4023672000002989,0.8659391403198242,0.4115099136562065,"{""bootstrap_count"": 5, ""eta_consolidation"": 0.3, ""eta_exploration"": 0.45, ""interaction_top_k"": 30, ""lambda_interaction"": 0.5, ""lambda_stability"": 0.5, ""reliability_rho"": 0.6, ""reliability_source"": ""resampling"", ""resample_fraction"": 0.8, ""stability_interval"": 2, ""stability_strategy"": ""periodic"", ""weight_schedule"": ""adaptive""}","[0, 1, 3, 6, 7, 11, 12, 13, 15, 18, 20, 21, 25, 27, 29]",0.9578947368421052,0.9465025446798438,0.9672131147540983,0.9106361866954563,0.9738430583501007,0.9706269015940003,0.9915966386554622,0.9014084507042254,-0.3266758143224395,0.3808674344555351,0.11174930744402356
breast_cancer,A-EHOA,435889,635895,outer_2,repeated_nested_cv,30,17,0.5666666666666667,0.037709573345901894,22,0.9331554000000324,0.2669491000006019,0.5955028533935547,0.402467446434406,"{""bootstrap_count"": 5, ""eta_consolidation"": 0.3, ""eta_exploration"": 0.45, ""interaction_top_k"": 30, ""lambda_interaction"": 0.5, ""lambda_stability"": 0.5, ""reliability_rho"": 0.6, ""reliability_source"": ""resampling"", ""resample_fraction"": 0.8, ""stability_interval"": 2, ""stability_strategy"": ""periodic"", ""weight_schedule"": ""adaptive""}","[1, 3, 4, 6, 8, 9, 10, 15, 17, 18, 20, 22, 23, 24, 26, 27, 29]",0.9421052631578948,0.9367380755118949,0.9539748953974896,0.8760200852880281,0.9636051603740088,0.959824037217226,0.957983193277311,0.9154929577464789,-0.296051979279771,0.39854592957966806,0.1133705749683146
breast_cancer,G-EHOA,435889,635895,outer_2,repeated_nested_cv,30,30,1.0,0.04349104497710742,25,0.8837587000007261,0.3316524000001664,0.6357545852661133,0.3916692113006754,"{""bootstrap_count"": 5, ""eta_consolidation"": 0.3, ""eta_exploration"": 0.45, ""interaction_top_k"": 30, ""lambda_interaction"": 0.5, ""lambda_stability"": 0.5, ""reliability_rho"": 0.6, ""reliability_source"": ""resampling"", ""resample_fraction"": 0.8, ""stability_interval"": 2, ""stability_strategy"": ""periodic"", ""weight_schedule"": ""adaptive""}","[0, 1, 2, 3, 4, 5, 6, 7, 8, 9, 10, 11, 12, 13, 14, 15, 16, 17, 18, 19, 20, 21, 22, 23, 24, 25, 26, 27, 28, 29]",0.9578947368421052,0.9521836903775595,0.9666666666666667,0.9097672817424011,0.9686353414605279,0.9668898504708144,0.9747899159663865,0.9295774647887324,-0.4078249550566084,0.5848266922863196,-0.026753681620938607
breast_cancer,EHOA,435889,735898,outer_3,repeated_nested_cv,30,18,0.6,0.03206674165729281,25,0.8974512000004324,0.32625179999922693,0.5922212600708008,0.37062226318971403,"{""bootstrap_count"": 5, ""eta_consolidation"": 0.3, ""eta_exploration"": 0.45, ""interaction_top_k"": 30, ""lambda_interaction"": 0.5, ""lambda_stability"": 0.5, ""reliability_rho"": 0.6, ""reliability_source"": ""resampling"", ""resample_fraction"": 0.8, ""stability_interval"": 2, ""stability_strategy"": ""periodic"", ""weight_schedule"": ""adaptive""}","[1, 2, 3, 4, 7, 9, 10, 11, 12, 15, 16, 18, 20, 24, 25, 26, 28, 29]",0.9470899470899471,0.946218487394958,0.9576271186440678,0.8874438354543757,0.9789315726290517,0.9849401134140079,0.9495798319327731,0.9428571428571428,-0.29897042777346855,0.39810512243174784,0.09923771880293608
breast_cancer,SF-EHOA,435889,735898,outer_3,repeated_nested_cv,30,18,0.6,0.03206674165729281,25,2.133408199999394,0.2884057000001121,1.3757238388061523,0.37062226318971403,"{""bootstrap_count"": 5, ""eta_consolidation"": 0.3, ""eta_exploration"": 0.45, ""interaction_top_k"": 30, ""lambda_interaction"": 0.5, ""lambda_stability"": 0.5, ""reliability_rho"": 0.6, ""reliability_source"": ""resampling"", ""resample_fraction"": 0.8, ""stability_interval"": 2, ""stability_strategy"": ""periodic"", ""weight_schedule"": ""adaptive""}","[1, 2, 3, 4, 7, 9, 10, 11, 12, 15, 16, 18, 20, 24, 25, 26, 28, 29]",0.9470899470899471,0.946218487394958,0.9576271186440678,0.8874438354543757,0.9789315726290517,0.9849401134140079,0.9495798319327731,0.9428571428571428,-0.29897042777346855,0.4280925736546469,0.1353182385451951
breast_cancer,IG-EHOA,435889,735898,outer_3,repeated_nested_cv,30,19,0.6333333333333333,0.03240007499062615,18,2.2954836999997497,0.3666366999996171,1.3849725723266602,0.3898974094492323,"{""bootstrap_count"": 5, ""eta_consolidation"": 0.3, ""eta_exploration"": 0.45, ""interaction_top_k"": 30, ""lambda_interaction"": 0.5, ""lambda_stability"": 0.5, ""reliability_rho"": 0.6, ""reliability_source"": ""resampling"", ""resample_fraction"": 0.8, ""stability_interval"": 2, ""stability_strategy"": ""periodic"", ""weight_schedule"": ""adaptive""}","[1, 2, 3, 6, 7, 9, 10, 11, 12, 16, 18, 19, 20, 23, 24, 25, 26, 28, 29]",0.9629629629629629,0.9647058823529412,0.9702127659574468,0.9218075091290715,0.9815726290516207,0.9868177014108154,0.957983193277311,0.9714285714285714,-0.26760974254149517,0.4145480067577703,0.10431153593512865
breast_cancer,DFA-EHOA,435889,735898,outer_3,repeated_nested_cv,30,18,0.6,0.03466516685414317,19,2.245637500000157,0.3782896000002438,1.4070148468017578,0.3951624919340518,"{""bootstrap_count"": 5, ""eta_consolidation"": 0.3, ""eta_exploration"": 0.45, ""interaction_top_k"": 30, ""lambda_interaction"": 0.5, ""lambda_stability"": 0.5, ""reliability_rho"": 0.6, ""reliability_source"": ""resampling"", ""resample_fraction"": 0.8, ""stability_interval"": 2, ""stability_strategy"": ""periodic"", ""weight_schedule"": ""adaptive""}","[1, 2, 3, 6, 7, 9, 10, 11, 12, 15, 16, 18, 20, 24, 25, 26, 28, 29]",0.9417989417989417,0.9449579831932773,0.9527896995708155,0.8783921421654207,0.979231692677071,0.9851175033598583,0.9327731092436975,0.9571428571428572,-0.33482256932685395,0.42644070124925076,0.15640880858272155
breast_cancer,ECG-EHOA,435889,735898,outer_3,repeated_nested_cv,30,18,0.6,0.03206674165729281,25,2.8217321000001903,0.26818269999967015,1.416886329650879,0.37062226318971403,"{""bootstrap_count"": 5, ""consensus_confidence"": 0.2, ""eta_consolidation"": 0.3, ""eta_exploration"": 0.45, ""evidence_floor"": 0.05, ""interaction_top_k"": 30, ""lambda_interaction"": 0.5, ""lambda_stability"": 0.5, ""minimum_trust"": 0.1, ""reliability_rho"": 0.6, ""reliability_source"": ""resampling"", ""resample_fraction"": 0.8, ""stability_interval"": 2, ""stability_strategy"": ""periodic"", ""trust_decay"": 0.85, ""trust_reward"": 0.2, ""weight_schedule"": ""adaptive""}","[1, 2, 3, 4, 7, 9, 10, 11, 12, 15, 16, 18, 20, 24, 25, 26, 28, 29]",0.9470899470899471,0.946218487394958,0.9576271186440678,0.8874438354543757,0.9789315726290517,0.9849401134140079,0.9495798319327731,0.9428571428571428,-0.29897042777346855,0.4107001695127444,0.11223036223036209
breast_cancer,M-EHOA,435889,735898,outer_3,repeated_nested_cv,30,17,0.5666666666666667,0.03173340832395948,82,2.5610082000002876,0.3837106999999378,0.5307998657226562,0.36876623427134836,"{""bootstrap_count"": 5, ""eta_consolidation"": 0.3, ""eta_exploration"": 0.45, ""interaction_top_k"": 30, ""lambda_interaction"": 0.5, ""lambda_stability"": 0.5, ""reliability_rho"": 0.6, ""reliability_source"": ""resampling"", ""resample_fraction"": 0.8, ""stability_interval"": 2, ""stability_strategy"": ""periodic"", ""weight_schedule"": ""adaptive""}","[1, 2, 3, 4, 7, 9, 11, 12, 15, 16, 18, 20, 24, 25, 26, 28, 29]",0.9365079365079365,0.9378151260504202,0.9487179487179487,0.8663202743345523,0.9721488595438177,0.9762251224309013,0.9327731092436975,0.9428571428571428,-0.2853613165330718,0.3808674344555351,0.11174930744402356
breast_cancer,A-EHOA,435889,735898,outer_3,repeated_nested_cv,30,18,0.6,0.03534512186910862,23,0.919021800000337,0.31650119999994786,0.5916290283203125,0.3858531035477164,"{""bootstrap_count"": 5, ""eta_consolidation"": 0.3, ""eta_exploration"": 0.45, ""interaction_top_k"": 30, ""lambda_interaction"": 0.5, ""lambda_stability"": 0.5, ""reliability_rho"": 0.6, ""reliability_source"": ""resampling"", ""resample_fraction"": 0.8, ""stability_interval"": 2, ""stability_strategy"": ""periodic"", ""weight_schedule"": ""adaptive""}","[1, 2, 3, 4, 6, 7, 9, 10, 11, 12, 16, 18, 20, 24, 25, 26, 28, 29]",0.9312169312169312,0.9336134453781513,0.944206008583691,0.855996875084716,0.9872148859543818,0.990735201147876,0.9243697478991597,0.9428571428571428,-0.2852270077165196,0.39854592957966806,0.1133705749683146
breast_cancer,G-EHOA,435889,735898,outer_3,repeated_nested_cv,30,18,0.6,0.03206674165729281,25,0.8897690000003422,0.2923558000002231,0.6356754302978516,0.37062226318971403,"{""bootstrap_count"": 5, ""eta_consolidation"": 0.3, ""eta_exploration"": 0.45, ""interaction_top_k"": 30, ""lambda_interaction"": 0.5, ""lambda_stability"": 0.5, ""reliability_rho"": 0.6, ""reliability_source"": ""resampling"", ""resample_fraction"": 0.8, ""stability_interval"": 2, ""stability_strategy"": ""periodic"", ""weight_schedule"": ""adaptive""}","[1, 2, 3, 4, 7, 9, 10, 11, 12, 15, 16, 18, 20, 24, 25, 26, 28, 29]",0.9470899470899471,0.946218487394958,0.9576271186440678,0.8874438354543757,0.9789315726290517,0.9849401134140079,0.9495798319327731,0.9428571428571428,-0.29897042777346855,0.5848266922863196,-0.026753681620938607
wine,EHOA,387298,487301,outer_1,repeated_nested_cv,13,7,0.5384615384615384,0.047480769230769194,22,0.7127289999998538,0.25884120000046096,0.38262939453125,0.2801648703147301,"{""bootstrap_count"": 5, ""eta_consolidation"": 0.3, ""eta_exploration"": 0.45, ""interaction_top_k"": 30, ""lambda_interaction"": 0.5, ""lambda_stability"": 0.5, ""reliability_rho"": 0.6, ""reliability_source"": ""resampling"", ""resample_fraction"": 0.8, ""stability_interval"": 2, ""stability_strategy"": ""periodic"", ""weight_schedule"": ""adaptive""}","[0, 1, 4, 7, 9, 11, 12]",0.95,0.9513888888888888,0.9520977002102603,0.9251593067002588,0.9982638888888888,0.9962294398435704,0.9513888888888888,0.974074074074074,0.5128719385246231,0.43560296846011126,0.13368573235745895
wine,SF-EHOA,387298,487301,outer_1,repeated_nested_cv,13,7,0.5384615384615384,0.047480769230769194,22,1.48814240000047,0.24531419999948412,0.7640590667724609,0.2801648703147301,"{""bootstrap_count"": 5, ""eta_consolidation"": 0.3, ""eta_exploration"": 0.45, ""interaction_top_k"": 30, ""lambda_interaction"": 0.5, ""lambda_stability"": 0.5, ""reliability_rho"": 0.6, ""reliability_source"": ""resampling"", ""resample_fraction"": 0.8, ""stability_interval"": 2, ""stability_strategy"": ""periodic"", ""weight_schedule"": ""adaptive""}","[0, 1, 4, 7, 9, 11, 12]",0.95,0.9513888888888888,0.9520977002102603,0.9251593067002588,0.9982638888888888,0.9962294398435704,0.9513888888888888,0.974074074074074,0.5128719385246231,0.43560296846011126,0.13368573235745895
wine,IG-EHOA,387298,487301,outer_1,repeated_nested_cv,13,7,0.5384615384615384,0.047480769230769194,22,1.5865936000000147,0.2299310999997033,0.7672500610351562,0.2801648703147301,"{""bootstrap_count"": 5, ""eta_consolidation"": 0.3, ""eta_exploration"": 0.45, ""interaction_top_k"": 30, ""lambda_interaction"": 0.5, ""lambda_stability"": 0.5, ""reliability_rho"": 0.6, ""reliability_source"": ""resampling"", ""resample_fraction"": 0.8, ""stability_interval"": 2, ""stability_strategy"": ""periodic"", ""weight_schedule"": ""adaptive""}","[0, 1, 4, 7, 9, 11, 12]",0.95,0.9513888888888888,0.9520977002102603,0.9251593067002588,0.9982638888888888,0.9962294398435704,0.9513888888888888,0.974074074074074,0.5128719385246231,0.42884422455851023,0.09929356357927788
wine,DFA-EHOA,387298,487301,outer_1,repeated_nested_cv,13,8,0.6153846153846154,0.031326923076923106,20,1.7685503000002427,0.29549219999989873,0.7991390228271484,0.31744864140001505,"{""bootstrap_count"": 5, ""eta_consolidation"": 0.3, ""eta_exploration"": 0.45, ""interaction_top_k"": 30, ""lambda_interaction"": 0.5, ""lambda_stability"": 0.5, ""reliability_rho"": 0.6, ""reliability_source"": ""resampling"", ""resample_fraction"": 0.8, ""stability_interval"": 2, ""stability_strategy"": ""periodic"", ""weight_schedule"": ""adaptive""}","[0, 1, 2, 6, 9, 10, 11, 12]",0.9833333333333333,0.9861111111111112,0.9847777201176267,0.9751167653763734,0.9878935185185185,0.9742898913951547,0.9861111111111112,0.9916666666666667,0.6580899321741494,0.4380698137840995,0.12154195011337876
wine,ECG-EHOA,387298,487301,outer_1,repeated_nested_cv,13,7,0.5384615384615384,0.047480769230769194,22,1.5013201000001573,0.2988751000002594,0.7870340347290039,0.2801648703147301,"{""bootstrap_count"": 5, ""consensus_confidence"": 0.2, ""eta_consolidation"": 0.3, ""eta_exploration"": 0.45, ""evidence_floor"": 0.05, ""interaction_top_k"": 30, ""lambda_interaction"": 0.5, ""lambda_stability"": 0.5, ""minimum_trust"": 0.1, ""reliability_rho"": 0.6, ""reliability_source"": ""resampling"", ""resample_fraction"": 0.8, ""stability_interval"": 2, ""stability_strategy"": ""periodic"", ""trust_decay"": 0.85, ""trust_reward"": 0.2, ""weight_schedule"": ""adaptive""}","[0, 1, 4, 7, 9, 11, 12]",0.95,0.9513888888888888,0.9520977002102603,0.9251593067002588,0.9982638888888888,0.9962294398435704,0.9513888888888888,0.974074074074074,0.5128719385246231,0.4172534608248893,0.08279563408309731
wine,M-EHOA,387298,487301,outer_1,repeated_nested_cv,13,7,0.5384615384615384,0.03076923076923068,44,1.353027099999963,0.23877579999953014,0.6818246841430664,0.31205530134014486,"{""bootstrap_count"": 5, ""eta_consolidation"": 0.3, ""eta_exploration"": 0.45, ""interaction_top_k"": 30, ""lambda_interaction"": 0.5, ""lambda_stability"": 0.5, ""reliability_rho"": 0.6, ""reliability_source"": ""resampling"", ""resample_fraction"": 0.8, ""stability_interval"": 2, ""stability_strategy"": ""periodic"", ""weight_schedule"": ""adaptive""}","[0, 1, 4, 6, 9, 11, 12]",0.9333333333333333,0.9375,0.9370059906280918,0.901480640715243,0.9861728395061728,0.9706054593554594,0.9375,0.9657407407407407,0.593650489255254,0.45918245775388633,0.21413533834586462
wine,A-EHOA,387298,487301,outer_1,repeated_nested_cv,13,8,0.6153846153846154,0.04144551282051277,22,0.8264611999993576,0.24585170000045764,0.6129980087280273,0.2886900387234381,"{""bootstrap_count"": 5, ""eta_consolidation"": 0.3, ""eta_exploration"": 0.45, ""interaction_top_k"": 30, ""lambda_interaction"": 0.5, ""lambda_stability"": 0.5, ""reliability_rho"": 0.6, ""reliability_source"": ""resampling"", ""resample_fraction"": 0.8, ""stability_interval"": 2, ""stability_strategy"": ""periodic"", ""weight_schedule"": ""adaptive""}","[0, 1, 4, 7, 9, 10, 11, 12]",0.95,0.9513888888888888,0.9520977002102603,0.9251593067002588,0.9984129489337823,0.995851804489912,0.9513888888888888,0.974074074074074,0.5730358092739455,0.48490911205196924,0.1568372803666922
wine,G-EHOA,387298,487301,outer_1,repeated_nested_cv,13,7,0.5384615384615384,0.047480769230769194,22,0.7979617000000871,0.2739049999991039,0.6627988815307617,0.2801648703147301,"{""bootstrap_count"": 5, ""eta_consolidation"": 0.3, ""eta_exploration"": 0.45, ""interaction_top_k"": 30, ""lambda_interaction"": 0.5, ""lambda_stability"": 0.5, ""reliability_rho"": 0.6, ""reliability_source"": ""resampling"", ""resample_fraction"": 0.8, ""stability_interval"": 2, ""stability_strategy"": ""periodic"", ""weight_schedule"": ""adaptive""}","[0, 1, 4, 7, 9, 11, 12]",0.95,0.9513888888888888,0.9520977002102603,0.9251593067002588,0.9982638888888888,0.9962294398435704,0.9513888888888888,0.974074074074074,0.5128719385246231,0.4597791362077076,0.0919428200129957
wine,EHOA,387298,587304,outer_2,repeated_nested_cv,13,7,0.5384615384615384,0.04705769230769227,24,1.5347271000000546,0.22668220000014117,0.6453733444213867,0.27317451179520696,"{""bootstrap_count"": 5, ""eta_consolidation"": 0.3, ""eta_exploration"": 0.45, ""interaction_top_k"": 30, ""lambda_interaction"": 0.5, ""lambda_stability"": 0.5, ""reliability_rho"": 0.6, ""reliability_source"": ""resampling"", ""resample_fraction"": 0.8, ""stability_interval"": 2, ""stability_strategy"": ""periodic"", ""weight_schedule"": ""adaptive""}","[0, 1, 4, 8, 9, 10, 12]",0.9491525423728814,0.9565217391304347,0.9490062616084437,0.9262879810909953,0.9886639789824825,0.9707554699600301,0.9565217391304347,0.9759491154839992,0.5457500030978933,0.43560296846011126,0.13368573235745895
wine,SF-EHOA,387298,587304,outer_2,repeated_nested_cv,13,7,0.5384615384615384,0.04705769230769227,23,1.4945348000001104,0.2312778999994407,0.7668857574462891,0.27317451179520696,"{""bootstrap_count"": 5, ""eta_consolidation"": 0.3, ""eta_exploration"": 0.45, ""interaction_top_k"": 30, ""lambda_interaction"": 0.5, ""lambda_stability"": 0.5, ""reliability_rho"": 0.6, ""reliability_source"": ""resampling"", ""resample_fraction"": 0.8, ""stability_interval"": 2, ""stability_strategy"": ""periodic"", ""weight_schedule"": ""adaptive""}","[0, 1, 4, 8, 9, 10, 12]",0.9491525423728814,0.9565217391304347,0.9490062616084437,0.9262879810909953,0.9886639789824825,0.9707554699600301,0.9565217391304347,0.9759491154839992,0.5457500030978933,0.43560296846011126,0.13368573235745895
wine,IG-EHOA,387298,587304,outer_2,repeated_nested_cv,13,7,0.5384615384615384,0.04705769230769227,24,1.6614770000005592,0.2536073999999644,0.7821435928344727,0.27317451179520696,"{""bootstrap_count"": 5, ""eta_consolidation"": 0.3, ""eta_exploration"": 0.45, ""interaction_top_k"": 30, ""lambda_interaction"": 0.5, ""lambda_stability"": 0.5, ""reliability_rho"": 0.6, ""reliability_source"": ""resampling"", ""resample_fraction"": 0.8, ""stability_interval"": 2, ""stability_strategy"": ""periodic"", ""weight_schedule"": ""adaptive""}","[0, 1, 4, 8, 9, 10, 12]",0.9491525423728814,0.9565217391304347,0.9490062616084437,0.9262879810909953,0.9886639789824825,0.9707554699600301,0.9565217391304347,0.9759491154839992,0.5457500030978933,0.42884422455851023,0.09929356357927788
wine,DFA-EHOA,387298,587304,outer_2,repeated_nested_cv,13,7,0.5384615384615384,0.04705769230769227,23,1.493729699999676,0.2554411999999502,0.7828359603881836,0.27317451179520696,"{""bootstrap_count"": 5, ""eta_consolidation"": 0.3, ""eta_exploration"": 0.45, ""interaction_top_k"": 30, ""lambda_interaction"": 0.5, ""lambda_stability"": 0.5, ""reliability_rho"": 0.6, ""reliability_source"": ""resampling"", ""resample_fraction"": 0.8, ""stability_interval"": 2, ""stability_strategy"": ""periodic"", ""weight_schedule"": ""adaptive""}","[0, 1, 4, 8, 9, 10, 12]",0.9491525423728814,0.9565217391304347,0.9490062616084437,0.9262879810909953,0.9886639789824825,0.9707554699600301,0.9565217391304347,0.9759491154839992,0.5457500030978933,0.4380698137840995,0.12154195011337876
wine,ECG-EHOA,387298,587304,outer_2,repeated_nested_cv,13,7,0.5384615384615384,0.04705769230769227,24,1.5570783999992273,0.24385429999983899,0.7720394134521484,0.27317451179520696,"{""bootstrap_count"": 5, ""consensus_confidence"": 0.2, ""eta_consolidation"": 0.3, ""eta_exploration"": 0.45, ""evidence_floor"": 0.05, ""interaction_top_k"": 30, ""lambda_interaction"": 0.5, ""lambda_stability"": 0.5, ""minimum_trust"": 0.1, ""reliability_rho"": 0.6, ""reliability_source"": ""resampling"", ""resample_fraction"": 0.8, ""stability_interval"": 2, ""stability_strategy"": ""periodic"", ""trust_decay"": 0.85, ""trust_reward"": 0.2, ""weight_schedule"": ""adaptive""}","[0, 1, 4, 8, 9, 10, 12]",0.9491525423728814,0.9565217391304347,0.9490062616084437,0.9262879810909953,0.9886639789824825,0.9707554699600301,0.9565217391304347,0.9759491154839992,0.5457500030978933,0.4172534608248893,0.08279563408309731
wine,M-EHOA,387298,587304,outer_2,repeated_nested_cv,13,8,0.6153846153846154,0.039365384615384615,49,1.5087789999997767,0.29885879999983445,0.6724519729614258,0.2915923294749304,"{""bootstrap_count"": 5, ""eta_consolidation"": 0.3, ""eta_exploration"": 0.45, ""interaction_top_k"": 30, ""lambda_interaction"": 0.5, ""lambda_stability"": 0.5, ""reliability_rho"": 0.6, ""reliability_source"": ""resampling"", ""resample_fraction"": 0.8, ""stability_interval"": 2, ""stability_strategy"": ""periodic"", ""weight_schedule"": ""adaptive""}","[0, 1, 4, 8, 9, 10, 11, 12]",0.9830508474576272,0.9855072463768115,0.9824915824915825,0.9748078289816211,0.9888776541961577,0.9715491207536809,0.9855072463768115,0.9922480620155039,0.519300778873091,0.45918245775388633,0.21413533834586462
wine,A-EHOA,387298,587304,outer_2,repeated_nested_cv,13,7,0.5384615384615384,0.042884615384615465,24,0.8611166999999114,0.23193170000013197,0.660252571105957,0.27317451179520696,"{""bootstrap_count"": 5, ""eta_consolidation"": 0.3, ""eta_exploration"": 0.45, ""interaction_top_k"": 30, ""lambda_interaction"": 0.5, ""lambda_stability"": 0.5, ""reliability_rho"": 0.6, ""reliability_source"": ""resampling"", ""resample_fraction"": 0.8, ""stability_interval"": 2, ""stability_strategy"": ""periodic"", ""weight_schedule"": ""adaptive""}","[0, 1, 4, 8, 9, 10, 12]",0.9491525423728814,0.9565217391304347,0.9490062616084437,0.9262879810909953,0.9886639789824825,0.9707554699600301,0.9565217391304347,0.9759491154839992,0.5457500030978933,0.48490911205196924,0.1568372803666922
wine,G-EHOA,387298,587304,outer_2,repeated_nested_cv,13,7,0.5384615384615384,0.04705769230769227,24,0.8323472000001857,0.23550449999947887,0.6455297470092773,0.27317451179520696,"{""bootstrap_count"": 5, ""eta_consolidation"": 0.3, ""eta_exploration"": 0.45, ""interaction_top_k"": 30, ""lambda_interaction"": 0.5, ""lambda_stability"": 0.5, ""reliability_rho"": 0.6, ""reliability_source"": ""resampling"", ""resample_fraction"": 0.8, ""stability_interval"": 2, ""stability_strategy"": ""periodic"", ""weight_schedule"": ""adaptive""}","[0, 1, 4, 8, 9, 10, 12]",0.9491525423728814,0.9565217391304347,0.9490062616084437,0.9262879810909953,0.9886639789824825,0.9707554699600301,0.9565217391304347,0.9759491154839992,0.5457500030978933,0.4597791362077076,0.0919428200129957
wine,EHOA,387298,687307,outer_3,repeated_nested_cv,13,7,0.5384615384615384,0.04726923076923074,13,0.4735952000000907,0.2560751999999411,0.41431331634521484,0.2836751856438435,"{""bootstrap_count"": 5, ""eta_consolidation"": 0.3, ""eta_exploration"": 0.45, ""interaction_top_k"": 30, ""lambda_interaction"": 0.5, ""lambda_stability"": 0.5, ""reliability_rho"": 0.6, ""reliability_source"": ""resampling"", ""resample_fraction"": 0.8, ""stability_interval"": 2, ""stability_strategy"": ""periodic"", ""weight_schedule"": ""adaptive""}","[0, 2, 5, 8, 9, 10, 12]",0.9491525423728814,0.9583333333333334,0.9496229260935142,0.9261683010000716,0.9987218530823183,0.9955648926237162,0.9583333333333334,0.9761627906976744,0.45537236806180575,0.43560296846011126,0.13368573235745895
wine,SF-EHOA,387298,687307,outer_3,repeated_nested_cv,13,7,0.5384615384615384,0.04726923076923074,15,1.2860927000001539,0.25084270000024844,0.761113166809082,0.2836751856438435,"{""bootstrap_count"": 5, ""eta_consolidation"": 0.3, ""eta_exploration"": 0.45, ""interaction_top_k"": 30, ""lambda_interaction"": 0.5, ""lambda_stability"": 0.5, ""reliability_rho"": 0.6, ""reliability_source"": ""resampling"", ""resample_fraction"": 0.8, ""stability_interval"": 2, ""stability_strategy"": ""periodic"", ""weight_schedule"": ""adaptive""}","[0, 2, 5, 8, 9, 10, 12]",0.9491525423728814,0.9583333333333334,0.9496229260935142,0.9261683010000716,0.9987218530823183,0.9955648926237162,0.9583333333333334,0.9761627906976744,0.45537236806180575,0.43560296846011126,0.13368573235745895
wine,IG-EHOA,387298,687307,outer_3,repeated_nested_cv,13,7,0.5384615384615384,0.0637692307692309,22,1.4878255000003264,0.2379188000004433,0.7681217193603516,0.3211770127794196,"{""bootstrap_count"": 5, ""eta_consolidation"": 0.3, ""eta_exploration"": 0.45, ""interaction_top_k"": 30, ""lambda_interaction"": 0.5, ""lambda_stability"": 0.5, ""reliability_rho"": 0.6, ""reliability_source"": ""resampling"", ""resample_fraction"": 0.8, ""stability_interval"": 2, ""stability_strategy"": ""periodic"", ""weight_schedule"": ""adaptive""}","[0, 2, 5, 6, 8, 9, 12]",1.0,1.0,1.0,1.0,1.0,1.0,1.0,1.0,0.3261026780401891,0.42884422455851023,0.09929356357927788
wine,DFA-EHOA,387298,687307,outer_3,repeated_nested_cv,13,7,0.5384615384615384,0.047480769230769194,23,1.6110301000007894,0.24927420000040001,0.7699956893920898,0.33531026145396087,"{""bootstrap_count"": 5, ""eta_consolidation"": 0.3, ""eta_exploration"": 0.45, ""interaction_top_k"": 30, ""lambda_interaction"": 0.5, ""lambda_stability"": 0.5, ""reliability_rho"": 0.6, ""reliability_source"": ""resampling"", ""resample_fraction"": 0.8, ""stability_interval"": 2, ""stability_strategy"": ""periodic"", ""weight_schedule"": ""adaptive""}","[0, 1, 3, 5, 6, 9, 12]",0.9661016949152542,0.9722222222222222,0.966859227728793,0.9499654784572173,0.9978405315614619,0.9936075124494241,0.9722222222222222,0.9839147286821706,0.4325333323239634,0.4380698137840995,0.12154195011337876
wine,ECG-EHOA,387298,687307,outer_3,repeated_nested_cv,13,9,0.6923076923076923,0.07376923076923088,18,1.4987148000000161,0.2892511000000013,0.7828760147094727,0.3048467302936364,"{""bootstrap_count"": 5, ""consensus_confidence"": 0.2, ""eta_consolidation"": 0.3, ""eta_exploration"": 0.45, ""evidence_floor"": 0.05, ""interaction_top_k"": 30, ""lambda_interaction"": 0.5, ""lambda_stability"": 0.5, ""minimum_trust"": 0.1, ""reliability_rho"": 0.6, ""reliability_source"": ""resampling"", ""resample_fraction"": 0.8, ""stability_interval"": 2, ""stability_strategy"": ""periodic"", ""trust_decay"": 0.85, ""trust_reward"": 0.2, ""weight_schedule"": ""adaptive""}","[0, 1, 3, 4, 5, 6, 7, 9, 11]",0.9491525423728814,0.9583333333333334,0.9496229260935142,0.9261683010000716,0.9854369450758679,0.963975828183504,0.9583333333333334,0.9761627906976744,0.28757162036688855,0.4172534608248893,0.08279563408309731
wine,M-EHOA,387298,687307,outer_3,repeated_nested_cv,13,8,0.6153846153846154,0.039788461538461536,35,1.344126299999516,0.29436079999959475,0.6198453903198242,0.2903038189331753,"{""bootstrap_count"": 5, ""eta_consolidation"": 0.3, ""eta_exploration"": 0.45, ""interaction_top_k"": 30, ""lambda_interaction"": 0.5, ""lambda_stability"": 0.5, ""reliability_rho"": 0.6, ""reliability_source"": ""resampling"", ""resample_fraction"": 0.8, ""stability_interval"": 2, ""stability_strategy"": ""periodic"", ""weight_schedule"": ""adaptive""}","[0, 2, 3, 5, 8, 9, 10, 12]",0.9661016949152542,0.9722222222222222,0.9658994032395567,0.9504477188471577,0.9991625138427463,0.9972312999273782,0.9722222222222222,0.9844961240310077,0.3065234326139221,0.45918245775388633,0.21413533834586462
wine,A-EHOA,387298,687307,outer_3,repeated_nested_cv,13,7,0.5384615384615384,0.04334294871794873,13,0.9852260999996361,0.23031879999962257,0.36376094818115234,0.2836751856438435,"{""bootstrap_count"": 5, ""eta_consolidation"": 0.3, ""eta_exploration"": 0.45, ""interaction_top_k"": 30, ""lambda_interaction"": 0.5, ""lambda_stability"": 0.5, ""reliability_rho"": 0.6, ""reliability_source"": ""resampling"", ""resample_fraction"": 0.8, ""stability_interval"": 2, ""stability_strategy"": ""periodic"", ""weight_schedule"": ""adaptive""}","[0, 2, 5, 8, 9, 10, 12]",0.9491525423728814,0.9583333333333334,0.9496229260935142,0.9261683010000716,0.9987218530823183,0.9955648926237162,0.9583333333333334,0.9761627906976744,0.45537236806180575,0.48490911205196924,0.1568372803666922
wine,G-EHOA,387298,687307,outer_3,repeated_nested_cv,13,7,0.5384615384615384,0.04726923076923074,13,0.5698569999985921,0.2789038000000801,0.46300315856933594,0.2836751856438435,"{""bootstrap_count"": 5, ""eta_consolidation"": 0.3, ""eta_exploration"": 0.45, ""interaction_top_k"": 30, ""lambda_interaction"": 0.5, ""lambda_stability"": 0.5, ""reliability_rho"": 0.6, ""reliability_source"": ""resampling"", ""resample_fraction"": 0.8, ""stability_interval"": 2, ""stability_strategy"": ""periodic"", ""weight_schedule"": ""adaptive""}","[0, 2, 5, 8, 9, 10, 12]",0.9491525423728814,0.9583333333333334,0.9496229260935142,0.9261683010000716,0.9987218530823183,0.9955648926237162,0.9583333333333334,0.9761627906976744,0.45537236806180575,0.4597791362077076,0.0919428200129957
wine,EHOA,400000,500003,outer_1,repeated_nested_cv,13,7,0.5384615384615384,0.05615384615384631,20,0.7110496000004787,0.23825089999991178,0.5685043334960938,0.2676757043468877,"{""bootstrap_count"": 5, ""eta_consolidation"": 0.3, ""eta_exploration"": 0.45, ""interaction_top_k"": 30, ""lambda_interaction"": 0.5, ""lambda_stability"": 0.5, ""reliability_rho"": 0.6, ""reliability_source"": ""resampling"", ""resample_fraction"": 0.8, ""stability_interval"": 2, ""stability_strategy"": ""periodic"", ""weight_schedule"": ""adaptive""}","[0, 1, 2, 5, 8, 9, 10]",0.9333333333333333,0.9375,0.9343081435472739,0.9005071825994427,0.983567620650954,0.958722012940763,0.9375,0.9664983164983164,0.5904336981848968,0.43560296846011126,0.13368573235745895
wine,SF-EHOA,400000,500003,outer_1,repeated_nested_cv,13,7,0.5384615384615384,0.05615384615384631,20,1.3896733000001404,0.2872048999997787,0.7697525024414062,0.2676757043468877,"{""bootstrap_count"": 5, ""eta_consolidation"": 0.3, ""eta_exploration"": 0.45, ""interaction_top_k"": 30, ""lambda_interaction"": 0.5, ""lambda_stability"": 0.5, ""reliability_rho"": 0.6, ""reliability_source"": ""resampling"", ""resample_fraction"": 0.8, ""stability_interval"": 2, ""stability_strategy"": ""periodic"", ""weight_schedule"": ""adaptive""}","[0, 1, 2, 5, 8, 9, 10]",0.9333333333333333,0.9375,0.9343081435472739,0.9005071825994427,0.983567620650954,0.958722012940763,0.9375,0.9664983164983164,0.5904336981848968,0.43560296846011126,0.13368573235745895
wine,IG-EHOA,400000,500003,outer_1,repeated_nested_cv,13,7,0.5384615384615384,0.03923076923076923,24,2.176456099999996,0.4385154000001421,0.7819023132324219,0.3116339070456128,"{""bootstrap_count"": 5, ""eta_consolidation"": 0.3, ""eta_exploration"": 0.45, ""interaction_top_k"": 30, ""lambda_interaction"": 0.5, ""lambda_stability"": 0.5, ""reliability_rho"": 0.6, ""reliability_source"": ""resampling"", ""resample_fraction"": 0.8, ""stability_interval"": 2, ""stability_strategy"": ""periodic"", ""weight_schedule"": ""adaptive""}","[1, 3, 4, 7, 9, 11, 12]",0.8666666666666667,0.8680555555555555,0.8705091898495197,0.8034501602881436,0.98160423681257,0.9701452817406765,0.8680555555555555,0.9305555555555555,0.4140544562369276,0.42884422455851023,0.09929356357927788
wine,DFA-EHOA,400000,500003,outer_1,repeated_nested_cv,13,6,0.46153846153846156,0.04692307692307689,24,2.365294599999288,0.436276700000235,0.7707605361938477,0.3087502278027801,"{""bootstrap_count"": 5, ""eta_consolidation"": 0.3, ""eta_exploration"": 0.45, ""interaction_top_k"": 30, ""lambda_interaction"": 0.5, ""lambda_stability"": 0.5, ""reliability_rho"": 0.6, ""reliability_source"": ""resampling"", ""resample_fraction"": 0.8, ""stability_interval"": 2, ""stability_strategy"": ""periodic"", ""weight_schedule"": ""adaptive""}","[1, 4, 7, 9, 11, 12]",0.8833333333333333,0.8888888888888888,0.888888888888889,0.8295961174992551,0.9820187991021325,0.9623269715409676,0.8888888888888888,0.9398148148148149,0.6241665367790316,0.4380698137840995,0.12154195011337876
wine,ECG-EHOA,400000,500003,outer_1,repeated_nested_cv,13,7,0.5384615384615384,0.03923076923076923,24,2.4263230000005933,0.33620520000022225,0.7676105499267578,0.3116339070456128,"{""bootstrap_count"": 5, ""consensus_confidence"": 0.2, ""eta_consolidation"": 0.3, ""eta_exploration"": 0.45, ""evidence_floor"": 0.05, ""interaction_top_k"": 30, ""lambda_interaction"": 0.5, ""lambda_stability"": 0.5, ""minimum_trust"": 0.1, ""reliability_rho"": 0.6, ""reliability_source"": ""resampling"", ""resample_fraction"": 0.8, ""stability_interval"": 2, ""stability_strategy"": ""periodic"", ""trust_decay"": 0.85, ""trust_reward"": 0.2, ""weight_schedule"": ""adaptive""}","[1, 3, 4, 7, 9, 11, 12]",0.8666666666666667,0.8680555555555555,0.8705091898495197,0.8034501602881436,0.98160423681257,0.9701452817406765,0.8680555555555555,0.9305555555555555,0.4140544562369276,0.4172534608248893,0.08279563408309731
wine,M-EHOA,400000,500003,outer_1,repeated_nested_cv,13,7,0.5384615384615384,0.030557692307692334,44,1.5123566999991453,0.2821806000001743,0.6735343933105469,0.3198066572763321,"{""bootstrap_count"": 5, ""eta_consolidation"": 0.3, ""eta_exploration"": 0.45, ""interaction_top_k"": 30, ""lambda_interaction"": 0.5, ""lambda_stability"": 0.5, ""reliability_rho"": 0.6, ""reliability_source"": ""resampling"", ""resample_fraction"": 0.8, ""stability_interval"": 2, ""stability_strategy"": ""periodic"", ""weight_schedule"": ""adaptive""}","[0, 1, 5, 8, 9, 10, 12]",0.9666666666666667,0.9722222222222222,0.9672761549749884,0.9507851071957562,0.9756947951739617,0.9436846405228758,0.9722222222222222,0.984090909090909,0.6356229379129169,0.45918245775388633,0.21413533834586462
wine,A-EHOA,400000,500003,outer_1,repeated_nested_cv,13,8,0.6153846153846154,0.06252884615384618,16,0.6756154999993669,0.3121166999999332,0.35089588165283203,0.292675384065325,"{""bootstrap_count"": 5, ""eta_consolidation"": 0.3, ""eta_exploration"": 0.45, ""interaction_top_k"": 30, ""lambda_interaction"": 0.5, ""lambda_stability"": 0.5, ""reliability_rho"": 0.6, ""reliability_source"": ""resampling"", ""resample_fraction"": 0.8, ""stability_interval"": 2, ""stability_strategy"": ""periodic"", ""weight_schedule"": ""adaptive""}","[0, 1, 2, 3, 5, 7, 8, 10]",0.9166666666666666,0.9236111111111112,0.9156171953876401,0.8769555324491152,0.9797825476992145,0.947594881969882,0.9236111111111112,0.9596801346801347,0.21636415932497127,0.48490911205196924,0.1568372803666922
wine,G-EHOA,400000,500003,outer_1,repeated_nested_cv,13,7,0.5384615384615384,0.05615384615384631,20,0.8009470000006331,0.29386910000084754,0.3625764846801758,0.2676757043468877,"{""bootstrap_count"": 5, ""eta_consolidation"": 0.3, ""eta_exploration"": 0.45, ""interaction_top_k"": 30, ""lambda_interaction"": 0.5, ""lambda_stability"": 0.5, ""reliability_rho"": 0.6, ""reliability_source"": ""resampling"", ""resample_fraction"": 0.8, ""stability_interval"": 2, ""stability_strategy"": ""periodic"", ""weight_schedule"": ""adaptive""}","[0, 1, 2, 5, 8, 9, 10]",0.9333333333333333,0.9375,0.9343081435472739,0.9005071825994427,0.983567620650954,0.958722012940763,0.9375,0.9664983164983164,0.5904336981848968,0.4597791362077076,0.0919428200129957
wine,EHOA,400000,600006,outer_2,repeated_nested_cv,13,5,0.38461538461538464,0.07026923076923086,21,0.7385322000000087,0.27459599999929196,0.3836841583251953,0.2448137013061083,"{""bootstrap_count"": 5, ""eta_consolidation"": 0.3, ""eta_exploration"": 0.45, ""interaction_top_k"": 30, ""lambda_interaction"": 0.5, ""lambda_stability"": 0.5, ""reliability_rho"": 0.6, ""reliability_source"": ""resampling"", ""resample_fraction"": 0.8, ""stability_interval"": 2, ""stability_strategy"": ""periodic"", ""weight_schedule"": ""adaptive""}","[0, 2, 5, 9, 10]",0.9322033898305084,0.9420289855072465,0.9348971441994699,0.9030020737331116,0.9756781865477517,0.9479661016949152,0.9420289855072465,0.9666070363744783,0.788883085250776,0.43560296846011126,0.13368573235745895
wine,SF-EHOA,400000,600006,outer_2,repeated_nested_cv,13,5,0.38461538461538464,0.07026923076923086,21,1.464609599999676,0.3759306000001743,0.7609672546386719,0.2448137013061083,"{""bootstrap_count"": 5, ""eta_consolidation"": 0.3, ""eta_exploration"": 0.45, ""interaction_top_k"": 30, ""lambda_interaction"": 0.5, ""lambda_stability"": 0.5, ""reliability_rho"": 0.6, ""reliability_source"": ""resampling"", ""resample_fraction"": 0.8, ""stability_interval"": 2, ""stability_strategy"": ""periodic"", ""weight_schedule"": ""adaptive""}","[0, 2, 5, 9, 10]",0.9322033898305084,0.9420289855072465,0.9348971441994699,0.9030020737331116,0.9756781865477517,0.9479661016949152,0.9420289855072465,0.9666070363744783,0.788883085250776,0.43560296846011126,0.13368573235745895
wine,IG-EHOA,400000,600006,outer_2,repeated_nested_cv,13,8,0.6153846153846154,0.039365384615384615,25,1.5395423999998457,0.3069351000003735,0.7825107574462891,0.29484145774205656,"{""bootstrap_count"": 5, ""eta_consolidation"": 0.3, ""eta_exploration"": 0.45, ""interaction_top_k"": 30, ""lambda_interaction"": 0.5, ""lambda_stability"": 0.5, ""reliability_rho"": 0.6, ""reliability_source"": ""resampling"", ""resample_fraction"": 0.8, ""stability_interval"": 2, ""stability_strategy"": ""periodic"", ""weight_schedule"": ""adaptive""}","[0, 2, 4, 5, 8, 9, 11, 12]",0.9491525423728814,0.9565217391304347,0.9490062616084437,0.9262879810909953,1.0,1.0,0.9565217391304347,0.9759491154839992,0.31479699469507644,0.42884422455851023,0.09929356357927788
wine,DFA-EHOA,400000,600006,outer_2,repeated_nested_cv,13,8,0.6153846153846154,0.039365384615384615,25,2.06665780000003,0.3562542999998186,0.7732229232788086,0.29484145774205656,"{""bootstrap_count"": 5, ""eta_consolidation"": 0.3, ""eta_exploration"": 0.45, ""interaction_top_k"": 30, ""lambda_interaction"": 0.5, ""lambda_stability"": 0.5, ""reliability_rho"": 0.6, ""reliability_source"": ""resampling"", ""resample_fraction"": 0.8, ""stability_interval"": 2, ""stability_strategy"": ""periodic"", ""weight_schedule"": ""adaptive""}","[0, 2, 4, 5, 8, 9, 11, 12]",0.9491525423728814,0.9565217391304347,0.9490062616084437,0.9262879810909953,1.0,1.0,0.9565217391304347,0.9759491154839992,0.31479699469507644,0.4380698137840995,0.12154195011337876
wine,ECG-EHOA,400000,600006,outer_2,repeated_nested_cv,13,5,0.38461538461538464,0.07026923076923086,23,1.7125276000006124,0.272903199999746,0.7848100662231445,0.2448137013061083,"{""bootstrap_count"": 5, ""consensus_confidence"": 0.2, ""eta_consolidation"": 0.3, ""eta_exploration"": 0.45, ""evidence_floor"": 0.05, ""interaction_top_k"": 30, ""lambda_interaction"": 0.5, ""lambda_stability"": 0.5, ""minimum_trust"": 0.1, ""reliability_rho"": 0.6, ""reliability_source"": ""resampling"", ""resample_fraction"": 0.8, ""stability_interval"": 2, ""stability_strategy"": ""periodic"", ""trust_decay"": 0.85, ""trust_reward"": 0.2, ""weight_schedule"": ""adaptive""}","[0, 2, 5, 9, 10]",0.9322033898305084,0.9420289855072465,0.9348971441994699,0.9030020737331116,0.9756781865477517,0.9479661016949152,0.9420289855072465,0.9666070363744783,0.788883085250776,0.4172534608248893,0.08279563408309731
wine,M-EHOA,400000,600006,outer_2,repeated_nested_cv,13,6,0.46153846153846156,0.029576923076923105,45,1.5119684999999663,0.26578559999961726,0.6873912811279297,0.298935352374311,"{""bootstrap_count"": 5, ""eta_consolidation"": 0.3, ""eta_exploration"": 0.45, ""interaction_top_k"": 30, ""lambda_interaction"": 0.5, ""lambda_stability"": 0.5, ""reliability_rho"": 0.6, ""reliability_source"": ""resampling"", ""resample_fraction"": 0.8, ""stability_interval"": 2, ""stability_strategy"": ""periodic"", ""weight_schedule"": ""adaptive""}","[0, 2, 5, 9, 10, 12]",0.9491525423728814,0.9565217391304347,0.9507701600724857,0.9261543188007202,0.9872066556912361,0.971322749400878,0.9565217391304347,0.9751540449214868,0.6698136797698563,0.45918245775388633,0.21413533834586462
wine,A-EHOA,400000,600006,outer_2,repeated_nested_cv,13,7,0.5384615384615384,0.03288461538461529,22,0.9267286999993303,0.28946799999994255,0.6153879165649414,0.2863238421126586,"{""bootstrap_count"": 5, ""eta_consolidation"": 0.3, ""eta_exploration"": 0.45, ""interaction_top_k"": 30, ""lambda_interaction"": 0.5, ""lambda_stability"": 0.5, ""reliability_rho"": 0.6, ""reliability_source"": ""resampling"", ""resample_fraction"": 0.8, ""stability_interval"": 2, ""stability_strategy"": ""periodic"", ""weight_schedule"": ""adaptive""}","[0, 2, 5, 8, 9, 10, 12]",0.9661016949152542,0.9710144927536232,0.9666173934466618,0.9500695211228438,0.9882614024929496,0.9701253502372827,0.9710144927536232,0.9837010534684953,0.4850596182586573,0.48490911205196924,0.1568372803666922
wine,G-EHOA,400000,600006,outer_2,repeated_nested_cv,13,13,1.0,0.06812500000000002,21,0.7979989999994359,0.3373258000001442,0.6408624649047852,0.30500189306208664,"{""bootstrap_count"": 5, ""eta_consolidation"": 0.3, ""eta_exploration"": 0.45, ""interaction_top_k"": 30, ""lambda_interaction"": 0.5, ""lambda_stability"": 0.5, ""reliability_rho"": 0.6, ""reliability_source"": ""resampling"", ""resample_fraction"": 0.8, ""stability_interval"": 2, ""stability_strategy"": ""periodic"", ""weight_schedule"": ""adaptive""}","[0, 1, 2, 3, 4, 5, 6, 7, 8, 9, 10, 11, 12]",0.9661016949152542,0.9710144927536232,0.9666173934466618,0.9500695211228438,1.0,1.0,0.9710144927536232,0.9837010534684953,0.19736260509621045,0.4597791362077076,0.0919428200129957
wine,EHOA,400000,700009,outer_3,repeated_nested_cv,13,8,0.6153846153846154,0.022865384615384562,23,0.7541000999999596,0.2870038000000932,0.6385679244995117,0.2670061623714479,"{""bootstrap_count"": 5, ""eta_consolidation"": 0.3, ""eta_exploration"": 0.45, ""interaction_top_k"": 30, ""lambda_interaction"": 0.5, ""lambda_stability"": 0.5, ""reliability_rho"": 0.6, ""reliability_source"": ""resampling"", ""resample_fraction"": 0.8, ""stability_interval"": 2, ""stability_strategy"": ""periodic"", ""weight_schedule"": ""adaptive""}","[0, 1, 3, 4, 9, 10, 11, 12]",0.9830508474576272,0.9861111111111112,0.9828067913174295,0.9747322029028748,0.9989641011443338,0.9972312999273782,0.9861111111111112,0.9922480620155039,0.69488352716801,0.43560296846011126,0.13368573235745895
wine,SF-EHOA,400000,700009,outer_3,repeated_nested_cv,13,8,0.6153846153846154,0.022865384615384562,23,1.5037320999999793,0.30045160000008764,0.7641754150390625,0.2670061623714479,"{""bootstrap_count"": 5, ""eta_consolidation"": 0.3, ""eta_exploration"": 0.45, ""interaction_top_k"": 30, ""lambda_interaction"": 0.5, ""lambda_stability"": 0.5, ""reliability_rho"": 0.6, ""reliability_source"": ""resampling"", ""resample_fraction"": 0.8, ""stability_interval"": 2, ""stability_strategy"": ""periodic"", ""weight_schedule"": ""adaptive""}","[0, 1, 3, 4, 9, 10, 11, 12]",0.9830508474576272,0.9861111111111112,0.9828067913174295,0.9747322029028748,0.9989641011443338,0.9972312999273782,0.9861111111111112,0.9922480620155039,0.69488352716801,0.43560296846011126,0.13368573235745895
wine,IG-EHOA,400000,700009,outer_3,repeated_nested_cv,13,8,0.6153846153846154,0.022865384615384562,23,1.4411276999999245,0.21536450000076002,0.7778377532958984,0.2670061623714479,"{""bootstrap_count"": 5, ""eta_consolidation"": 0.3, ""eta_exploration"": 0.45, ""interaction_top_k"": 30, ""lambda_interaction"": 0.5, ""lambda_stability"": 0.5, ""reliability_rho"": 0.6, ""reliability_source"": ""resampling"", ""resample_fraction"": 0.8, ""stability_interval"": 2, ""stability_strategy"": ""periodic"", ""weight_schedule"": ""adaptive""}","[0, 1, 3, 4, 9, 10, 11, 12]",0.9830508474576272,0.9861111111111112,0.9828067913174295,0.9747322029028748,0.9989641011443338,0.9972312999273782,0.9861111111111112,0.9922480620155039,0.69488352716801,0.42884422455851023,0.09929356357927788
wine,DFA-EHOA,400000,700009,outer_3,repeated_nested_cv,13,8,0.6153846153846154,0.022865384615384562,22,1.410689899999852,0.24393549999967945,0.7653102874755859,0.2670061623714479,"{""bootstrap_count"": 5, ""eta_consolidation"": 0.3, ""eta_exploration"": 0.45, ""interaction_top_k"": 30, ""lambda_interaction"": 0.5, ""lambda_stability"": 0.5, ""reliability_rho"": 0.6, ""reliability_source"": ""resampling"", ""resample_fraction"": 0.8, ""stability_interval"": 2, ""stability_strategy"": ""periodic"", ""weight_schedule"": ""adaptive""}","[0, 1, 3, 4, 9, 10, 11, 12]",0.9830508474576272,0.9861111111111112,0.9828067913174295,0.9747322029028748,0.9989641011443338,0.9972312999273782,0.9861111111111112,0.9922480620155039,0.69488352716801,0.4380698137840995,0.12154195011337876
wine,ECG-EHOA,400000,700009,outer_3,repeated_nested_cv,13,8,0.6153846153846154,0.022865384615384562,23,1.4268838000007236,0.23036469999988185,0.757328987121582,0.2670061623714479,"{""bootstrap_count"": 5, ""consensus_confidence"": 0.2, ""eta_consolidation"": 0.3, ""eta_exploration"": 0.45, ""evidence_floor"": 0.05, ""interaction_top_k"": 30, ""lambda_interaction"": 0.5, ""lambda_stability"": 0.5, ""minimum_trust"": 0.1, ""reliability_rho"": 0.6, ""reliability_source"": ""resampling"", ""resample_fraction"": 0.8, ""stability_interval"": 2, ""stability_strategy"": ""periodic"", ""trust_decay"": 0.85, ""trust_reward"": 0.2, ""weight_schedule"": ""adaptive""}","[0, 1, 3, 4, 9, 10, 11, 12]",0.9830508474576272,0.9861111111111112,0.9828067913174295,0.9747322029028748,0.9989641011443338,0.9972312999273782,0.9861111111111112,0.9922480620155039,0.69488352716801,0.4172534608248893,0.08279563408309731
wine,M-EHOA,400000,700009,outer_3,repeated_nested_cv,13,8,0.6153846153846154,0.022865384615384562,35,0.978749500000049,0.2213991000007809,0.6725168228149414,0.2670061623714479,"{""bootstrap_count"": 5, ""eta_consolidation"": 0.3, ""eta_exploration"": 0.45, ""interaction_top_k"": 30, ""lambda_interaction"": 0.5, ""lambda_stability"": 0.5, ""reliability_rho"": 0.6, ""reliability_source"": ""resampling"", ""resample_fraction"": 0.8, ""stability_interval"": 2, ""stability_strategy"": ""periodic"", ""weight_schedule"": ""adaptive""}","[0, 1, 3, 4, 9, 10, 11, 12]",0.9830508474576272,0.9861111111111112,0.9828067913174295,0.9747322029028748,0.9989641011443338,0.9972312999273782,0.9861111111111112,0.9922480620155039,0.69488352716801,0.45918245775388633,0.21413533834586462
wine,A-EHOA,400000,700009,outer_3,repeated_nested_cv,13,8,0.6153846153846154,0.01990384615384622,21,0.7140227999998388,0.21824039999955858,0.41289424896240234,0.2670061623714479,"{""bootstrap_count"": 5, ""eta_consolidation"": 0.3, ""eta_exploration"": 0.45, ""interaction_top_k"": 30, ""lambda_interaction"": 0.5, ""lambda_stability"": 0.5, ""reliability_rho"": 0.6, ""reliability_source"": ""resampling"", ""resample_fraction"": 0.8, ""stability_interval"": 2, ""stability_strategy"": ""periodic"", ""weight_schedule"": ""adaptive""}","[0, 1, 3, 4, 9, 10, 11, 12]",0.9830508474576272,0.9861111111111112,0.9828067913174295,0.9747322029028748,0.9989641011443338,0.9972312999273782,0.9861111111111112,0.9922480620155039,0.69488352716801,0.48490911205196924,0.1568372803666922
wine,G-EHOA,400000,700009,outer_3,repeated_nested_cv,13,8,0.6153846153846154,0.022865384615384562,23,0.6988971000000674,0.22791599999982282,0.4514789581298828,0.2670061623714479,"{""bootstrap_count"": 5, ""eta_consolidation"": 0.3, ""eta_exploration"": 0.45, ""interaction_top_k"": 30, ""lambda_interaction"": 0.5, ""lambda_stability"": 0.5, ""reliability_rho"": 0.6, ""reliability_source"": ""resampling"", ""resample_fraction"": 0.8, ""stability_interval"": 2, ""stability_strategy"": ""periodic"", ""weight_schedule"": ""adaptive""}","[0, 1, 3, 4, 9, 10, 11, 12]",0.9830508474576272,0.9861111111111112,0.9828067913174295,0.9747322029028748,0.9989641011443338,0.9972312999273782,0.9861111111111112,0.9922480620155039,0.69488352716801,0.4597791362077076,0.0919428200129957
wine,EHOA,412310,512313,outer_1,repeated_nested_cv,13,7,0.5384615384615384,0.01363461538461536,18,0.5174250000000029,0.25054829999953654,0.40593528747558594,0.3431223556721261,"{""bootstrap_count"": 5, ""eta_consolidation"": 0.3, ""eta_exploration"": 0.45, ""interaction_top_k"": 30, ""lambda_interaction"": 0.5, ""lambda_stability"": 0.5, ""reliability_rho"": 0.6, ""reliability_source"": ""resampling"", ""resample_fraction"": 0.8, ""stability_interval"": 2, ""stability_strategy"": ""periodic"", ""weight_schedule"": ""adaptive""}","[0, 1, 6, 7, 9, 11, 12]",0.95,0.9583333333333334,0.9518037518037518,0.9272258302032949,0.9878935185185185,0.9731607744107743,0.9583333333333334,0.9757575757575757,0.5426378200654991,0.43560296846011126,0.13368573235745895
wine,SF-EHOA,412310,512313,outer_1,repeated_nested_cv,13,7,0.5384615384615384,0.01363461538461536,18,1.1682196999990992,0.2252080999996906,0.7618160247802734,0.3431223556721261,"{""bootstrap_count"": 5, ""eta_consolidation"": 0.3, ""eta_exploration"": 0.45, ""interaction_top_k"": 30, ""lambda_interaction"": 0.5, ""lambda_stability"": 0.5, ""reliability_rho"": 0.6, ""reliability_source"": ""resampling"", ""resample_fraction"": 0.8, ""stability_interval"": 2, ""stability_strategy"": ""periodic"", ""weight_schedule"": ""adaptive""}","[0, 1, 6, 7, 9, 11, 12]",0.95,0.9583333333333334,0.9518037518037518,0.9272258302032949,0.9878935185185185,0.9731607744107743,0.9583333333333334,0.9757575757575757,0.5426378200654991,0.43560296846011126,0.13368573235745895
wine,IG-EHOA,412310,512313,outer_1,repeated_nested_cv,13,7,0.5384615384615384,0.01363461538461536,18,1.3156555000005028,0.21426479999990988,0.7822265625,0.3431223556721261,"{""bootstrap_count"": 5, ""eta_consolidation"": 0.3, ""eta_exploration"": 0.45, ""interaction_top_k"": 30, ""lambda_interaction"": 0.5, ""lambda_stability"": 0.5, ""reliability_rho"": 0.6, ""reliability_source"": ""resampling"", ""resample_fraction"": 0.8, ""stability_interval"": 2, ""stability_strategy"": ""periodic"", ""weight_schedule"": ""adaptive""}","[0, 1, 6, 7, 9, 11, 12]",0.95,0.9583333333333334,0.9518037518037518,0.9272258302032949,0.9878935185185185,0.9731607744107743,0.9583333333333334,0.9757575757575757,0.5426378200654991,0.42884422455851023,0.09929356357927788
wine,DFA-EHOA,412310,512313,outer_1,repeated_nested_cv,13,7,0.5384615384615384,0.01363461538461536,18,1.2723355999996784,0.21929069999987405,0.7563848495483398,0.3431223556721261,"{""bootstrap_count"": 5, ""eta_consolidation"": 0.3, ""eta_exploration"": 0.45, ""interaction_top_k"": 30, ""lambda_interaction"": 0.5, ""lambda_stability"": 0.5, ""reliability_rho"": 0.6, ""reliability_source"": ""resampling"", ""resample_fraction"": 0.8, ""stability_interval"": 2, ""stability_strategy"": ""periodic"", ""weight_schedule"": ""adaptive""}","[0, 1, 6, 7, 9, 11, 12]",0.95,0.9583333333333334,0.9518037518037518,0.9272258302032949,0.9878935185185185,0.9731607744107743,0.9583333333333334,0.9757575757575757,0.5426378200654991,0.4380698137840995,0.12154195011337876
wine,ECG-EHOA,412310,512313,outer_1,repeated_nested_cv,13,7,0.5384615384615384,0.01363461538461536,18,1.2493733000001157,0.22635509999963688,0.7634353637695312,0.3431223556721261,"{""bootstrap_count"": 5, ""consensus_confidence"": 0.2, ""eta_consolidation"": 0.3, ""eta_exploration"": 0.45, ""evidence_floor"": 0.05, ""interaction_top_k"": 30, ""lambda_interaction"": 0.5, ""lambda_stability"": 0.5, ""minimum_trust"": 0.1, ""reliability_rho"": 0.6, ""reliability_source"": ""resampling"", ""resample_fraction"": 0.8, ""stability_interval"": 2, ""stability_strategy"": ""periodic"", ""trust_decay"": 0.85, ""trust_reward"": 0.2, ""weight_schedule"": ""adaptive""}","[0, 1, 6, 7, 9, 11, 12]",0.95,0.9583333333333334,0.9518037518037518,0.9272258302032949,0.9878935185185185,0.9731607744107743,0.9583333333333334,0.9757575757575757,0.5426378200654991,0.4172534608248893,0.08279563408309731
wine,M-EHOA,412310,512313,outer_1,repeated_nested_cv,13,7,0.5384615384615384,0.01363461538461536,29,0.814238099999784,0.21659400000044116,0.4434041976928711,0.3431223556721261,"{""bootstrap_count"": 5, ""eta_consolidation"": 0.3, ""eta_exploration"": 0.45, ""interaction_top_k"": 30, ""lambda_interaction"": 0.5, ""lambda_stability"": 0.5, ""reliability_rho"": 0.6, ""reliability_source"": ""resampling"", ""resample_fraction"": 0.8, ""stability_interval"": 2, ""stability_strategy"": ""periodic"", ""weight_schedule"": ""adaptive""}","[0, 1, 6, 7, 9, 11, 12]",0.95,0.9583333333333334,0.9518037518037518,0.9272258302032949,0.9878935185185185,0.9731607744107743,0.9583333333333334,0.9757575757575757,0.5426378200654991,0.45918245775388633,0.21413533834586462
wine,A-EHOA,412310,512313,outer_1,repeated_nested_cv,13,7,0.5384615384615384,0.012259615384615475,19,0.6356264000005467,0.21961820000069565,0.32721805572509766,0.3431223556721261,"{""bootstrap_count"": 5, ""eta_consolidation"": 0.3, ""eta_exploration"": 0.45, ""interaction_top_k"": 30, ""lambda_interaction"": 0.5, ""lambda_stability"": 0.5, ""reliability_rho"": 0.6, ""reliability_source"": ""resampling"", ""resample_fraction"": 0.8, ""stability_interval"": 2, ""stability_strategy"": ""periodic"", ""weight_schedule"": ""adaptive""}","[0, 1, 6, 7, 9, 11, 12]",0.95,0.9583333333333334,0.9518037518037518,0.9272258302032949,0.9878935185185185,0.9731607744107743,0.9583333333333334,0.9757575757575757,0.5426378200654991,0.48490911205196924,0.1568372803666922
wine,G-EHOA,412310,512313,outer_1,repeated_nested_cv,13,7,0.5384615384615384,0.01363461538461536,18,0.5717356000004656,0.22887360000004264,0.39827728271484375,0.3431223556721261,"{""bootstrap_count"": 5, ""eta_consolidation"": 0.3, ""eta_exploration"": 0.45, ""interaction_top_k"": 30, ""lambda_interaction"": 0.5, ""lambda_stability"": 0.5, ""reliability_rho"": 0.6, ""reliability_source"": ""resampling"", ""resample_fraction"": 0.8, ""stability_interval"": 2, ""stability_strategy"": ""periodic"", ""weight_schedule"": ""adaptive""}","[0, 1, 6, 7, 9, 11, 12]",0.95,0.9583333333333334,0.9518037518037518,0.9272258302032949,0.9878935185185185,0.9731607744107743,0.9583333333333334,0.9757575757575757,0.5426378200654991,0.4597791362077076,0.0919428200129957
wine,EHOA,412310,612316,outer_2,repeated_nested_cv,13,8,0.6153846153846154,0.055653846153846095,17,0.48307699999986653,0.21812950000003184,0.46820545196533203,0.277281137547995,"{""bootstrap_count"": 5, ""eta_consolidation"": 0.3, ""eta_exploration"": 0.45, ""interaction_top_k"": 30, ""lambda_interaction"": 0.5, ""lambda_stability"": 0.5, ""reliability_rho"": 0.6, ""reliability_source"": ""resampling"", ""resample_fraction"": 0.8, ""stability_interval"": 2, ""stability_strategy"": ""periodic"", ""weight_schedule"": ""adaptive""}","[0, 1, 3, 4, 7, 9, 11, 12]",0.9830508474576272,0.9855072463768115,0.9844625112917796,0.9747610306162527,0.9989935587761675,0.9974120082815735,0.9855072463768115,0.9914529914529915,0.4412931402823832,0.43560296846011126,0.13368573235745895
wine,SF-EHOA,412310,612316,outer_2,repeated_nested_cv,13,8,0.6153846153846154,0.055653846153846095,17,1.146137099999578,0.22877900000003137,0.7683095932006836,0.277281137547995,"{""bootstrap_count"": 5, ""eta_consolidation"": 0.3, ""eta_exploration"": 0.45, ""interaction_top_k"": 30, ""lambda_interaction"": 0.5, ""lambda_stability"": 0.5, ""reliability_rho"": 0.6, ""reliability_source"": ""resampling"", ""resample_fraction"": 0.8, ""stability_interval"": 2, ""stability_strategy"": ""periodic"", ""weight_schedule"": ""adaptive""}","[0, 1, 3, 4, 7, 9, 11, 12]",0.9830508474576272,0.9855072463768115,0.9844625112917796,0.9747610306162527,0.9989935587761675,0.9974120082815735,0.9855072463768115,0.9914529914529915,0.4412931402823832,0.43560296846011126,0.13368573235745895
wine,IG-EHOA,412310,612316,outer_2,repeated_nested_cv,13,8,0.6153846153846154,0.055653846153846095,17,1.2333998999993128,0.2174248000001171,0.754734992980957,0.277281137547995,"{""bootstrap_count"": 5, ""eta_consolidation"": 0.3, ""eta_exploration"": 0.45, ""interaction_top_k"": 30, ""lambda_interaction"": 0.5, ""lambda_stability"": 0.5, ""reliability_rho"": 0.6, ""reliability_source"": ""resampling"", ""resample_fraction"": 0.8, ""stability_interval"": 2, ""stability_strategy"": ""periodic"", ""weight_schedule"": ""adaptive""}","[0, 1, 3, 4, 7, 9, 11, 12]",0.9830508474576272,0.9855072463768115,0.9844625112917796,0.9747610306162527,0.9989935587761675,0.9974120082815735,0.9855072463768115,0.9914529914529915,0.4412931402823832,0.42884422455851023,0.09929356357927788
wine,DFA-EHOA,412310,612316,outer_2,repeated_nested_cv,13,8,0.6153846153846154,0.055653846153846095,17,1.2319550000001982,0.2183668999996371,0.7646932601928711,0.277281137547995,"{""bootstrap_count"": 5, ""eta_consolidation"": 0.3, ""eta_exploration"": 0.45, ""interaction_top_k"": 30, ""lambda_interaction"": 0.5, ""lambda_stability"": 0.5, ""reliability_rho"": 0.6, ""reliability_source"": ""resampling"", ""resample_fraction"": 0.8, ""stability_interval"": 2, ""stability_strategy"": ""periodic"", ""weight_schedule"": ""adaptive""}","[0, 1, 3, 4, 7, 9, 11, 12]",0.9830508474576272,0.9855072463768115,0.9844625112917796,0.9747610306162527,0.9989935587761675,0.9974120082815735,0.9855072463768115,0.9914529914529915,0.4412931402823832,0.4380698137840995,0.12154195011337876
wine,ECG-EHOA,412310,612316,outer_2,repeated_nested_cv,13,8,0.6153846153846154,0.055653846153846095,17,1.270077800000763,0.24040160000004107,0.7853546142578125,0.277281137547995,"{""bootstrap_count"": 5, ""consensus_confidence"": 0.2, ""eta_consolidation"": 0.3, ""eta_exploration"": 0.45, ""evidence_floor"": 0.05, ""interaction_top_k"": 30, ""lambda_interaction"": 0.5, ""lambda_stability"": 0.5, ""minimum_trust"": 0.1, ""reliability_rho"": 0.6, ""reliability_source"": ""resampling"", ""resample_fraction"": 0.8, ""stability_interval"": 2, ""stability_strategy"": ""periodic"", ""trust_decay"": 0.85, ""trust_reward"": 0.2, ""weight_schedule"": ""adaptive""}","[0, 1, 3, 4, 7, 9, 11, 12]",0.9830508474576272,0.9855072463768115,0.9844625112917796,0.9747610306162527,0.9989935587761675,0.9974120082815735,0.9855072463768115,0.9914529914529915,0.4412931402823832,0.4172534608248893,0.08279563408309731
wine,M-EHOA,412310,612316,outer_2,repeated_nested_cv,13,6,0.46153846153846156,0.03761538461538461,41,1.1021837999996933,0.21589200000016717,0.5707168579101562,0.2762152712301588,"{""bootstrap_count"": 5, ""eta_consolidation"": 0.3, ""eta_exploration"": 0.45, ""interaction_top_k"": 30, ""lambda_interaction"": 0.5, ""lambda_stability"": 0.5, ""reliability_rho"": 0.6, ""reliability_source"": ""resampling"", ""resample_fraction"": 0.8, ""stability_interval"": 2, ""stability_strategy"": ""periodic"", ""weight_schedule"": ""adaptive""}","[0, 3, 4, 9, 11, 12]",0.9661016949152542,0.9710144927536232,0.9652406417112299,0.9505726847151038,0.9794545556679024,0.9582398537077976,0.9710144927536232,0.9844961240310077,0.6360853740844695,0.45918245775388633,0.21413533834586462
wine,A-EHOA,412310,612316,outer_2,repeated_nested_cv,13,8,0.6153846153846154,0.05365384615384619,17,0.5690276999994239,0.23194880000028206,0.5037059783935547,0.277281137547995,"{""bootstrap_count"": 5, ""eta_consolidation"": 0.3, ""eta_exploration"": 0.45, ""interaction_top_k"": 30, ""lambda_interaction"": 0.5, ""lambda_stability"": 0.5, ""reliability_rho"": 0.6, ""reliability_source"": ""resampling"", ""resample_fraction"": 0.8, ""stability_interval"": 2, ""stability_strategy"": ""periodic"", ""weight_schedule"": ""adaptive""}","[0, 1, 3, 4, 7, 9, 11, 12]",0.9830508474576272,0.9855072463768115,0.9844625112917796,0.9747610306162527,0.9989935587761675,0.9974120082815735,0.9855072463768115,0.9914529914529915,0.4412931402823832,0.48490911205196924,0.1568372803666922
wine,G-EHOA,412310,612316,outer_2,repeated_nested_cv,13,8,0.6153846153846154,0.055653846153846095,17,0.5538491000006616,0.22376099999928556,0.4370574951171875,0.277281137547995,"{""bootstrap_count"": 5, ""eta_consolidation"": 0.3, ""eta_exploration"": 0.45, ""interaction_top_k"": 30, ""lambda_interaction"": 0.5, ""lambda_stability"": 0.5, ""reliability_rho"": 0.6, ""reliability_source"": ""resampling"", ""resample_fraction"": 0.8, ""stability_interval"": 2, ""stability_strategy"": ""periodic"", ""weight_schedule"": ""adaptive""}","[0, 1, 3, 4, 7, 9, 11, 12]",0.9830508474576272,0.9855072463768115,0.9844625112917796,0.9747610306162527,0.9989935587761675,0.9974120082815735,0.9855072463768115,0.9914529914529915,0.4412931402823832,0.4597791362077076,0.0919428200129957
wine,EHOA,412310,712319,outer_3,repeated_nested_cv,13,6,0.46153846153846156,0.021115384615384564,23,0.6572919000000184,0.22989740000048187,0.43469715118408203,0.3336008049372984,"{""bootstrap_count"": 5, ""eta_consolidation"": 0.3, ""eta_exploration"": 0.45, ""interaction_top_k"": 30, ""lambda_interaction"": 0.5, ""lambda_stability"": 0.5, ""reliability_rho"": 0.6, ""reliability_source"": ""resampling"", ""resample_fraction"": 0.8, ""stability_interval"": 2, ""stability_strategy"": ""periodic"", ""weight_schedule"": ""adaptive""}","[0, 1, 6, 7, 9, 12]",0.9491525423728814,0.9444444444444445,0.947333772218565,0.9227803417065618,0.9876153562200075,0.9676867545511613,0.9444444444444445,0.9732004429678849,0.39304182630222967,0.43560296846011126,0.13368573235745895
wine,SF-EHOA,412310,712319,outer_3,repeated_nested_cv,13,6,0.46153846153846156,0.021115384615384564,23,1.2833956000004036,0.25747189999947295,0.7825193405151367,0.3336008049372984,"{""bootstrap_count"": 5, ""eta_consolidation"": 0.3, ""eta_exploration"": 0.45, ""interaction_top_k"": 30, ""lambda_interaction"": 0.5, ""lambda_stability"": 0.5, ""reliability_rho"": 0.6, ""reliability_source"": ""resampling"", ""resample_fraction"": 0.8, ""stability_interval"": 2, ""stability_strategy"": ""periodic"", ""weight_schedule"": ""adaptive""}","[0, 1, 6, 7, 9, 12]",0.9491525423728814,0.9444444444444445,0.947333772218565,0.9227803417065618,0.9876153562200075,0.9676867545511613,0.9444444444444445,0.9732004429678849,0.39304182630222967,0.43560296846011126,0.13368573235745895
wine,IG-EHOA,412310,712319,outer_3,repeated_nested_cv,13,6,0.46153846153846156,0.021115384615384564,23,1.5822527999998783,0.21540019999974902,0.7579975128173828,0.3336008049372984,"{""bootstrap_count"": 5, ""eta_consolidation"": 0.3, ""eta_exploration"": 0.45, ""interaction_top_k"": 30, ""lambda_interaction"": 0.5, ""lambda_stability"": 0.5, ""reliability_rho"": 0.6, ""reliability_source"": ""resampling"", ""resample_fraction"": 0.8, ""stability_interval"": 2, ""stability_strategy"": ""periodic"", ""weight_schedule"": ""adaptive""}","[0, 1, 6, 7, 9, 12]",0.9491525423728814,0.9444444444444445,0.947333772218565,0.9227803417065618,0.9876153562200075,0.9676867545511613,0.9444444444444445,0.9732004429678849,0.39304182630222967,0.42884422455851023,0.09929356357927788
wine,DFA-EHOA,412310,712319,outer_3,repeated_nested_cv,13,6,0.46153846153846156,0.021115384615384564,23,1.3857514999999694,0.2201297000001432,0.7666845321655273,0.3336008049372984,"{""bootstrap_count"": 5, ""eta_consolidation"": 0.3, ""eta_exploration"": 0.45, ""interaction_top_k"": 30, ""lambda_interaction"": 0.5, ""lambda_stability"": 0.5, ""reliability_rho"": 0.6, ""reliability_source"": ""resampling"", ""resample_fraction"": 0.8, ""stability_interval"": 2, ""stability_strategy"": ""periodic"", ""weight_schedule"": ""adaptive""}","[0, 1, 6, 7, 9, 12]",0.9491525423728814,0.9444444444444445,0.947333772218565,0.9227803417065618,0.9876153562200075,0.9676867545511613,0.9444444444444445,0.9732004429678849,0.39304182630222967,0.4380698137840995,0.12154195011337876
wine,ECG-EHOA,412310,712319,outer_3,repeated_nested_cv,13,6,0.46153846153846156,0.021115384615384564,23,1.3903898999997182,0.21806350000042585,0.7833290100097656,0.3336008049372984,"{""bootstrap_count"": 5, ""consensus_confidence"": 0.2, ""eta_consolidation"": 0.3, ""eta_exploration"": 0.45, ""evidence_floor"": 0.05, ""interaction_top_k"": 30, ""lambda_interaction"": 0.5, ""lambda_stability"": 0.5, ""minimum_trust"": 0.1, ""reliability_rho"": 0.6, ""reliability_source"": ""resampling"", ""resample_fraction"": 0.8, ""stability_interval"": 2, ""stability_strategy"": ""periodic"", ""trust_decay"": 0.85, ""trust_reward"": 0.2, ""weight_schedule"": ""adaptive""}","[0, 1, 6, 7, 9, 12]",0.9491525423728814,0.9444444444444445,0.947333772218565,0.9227803417065618,0.9876153562200075,0.9676867545511613,0.9444444444444445,0.9732004429678849,0.39304182630222967,0.4172534608248893,0.08279563408309731
wine,M-EHOA,412310,712319,outer_3,repeated_nested_cv,13,5,0.38461538461538464,0.02034615384615379,47,1.2602520999998887,0.23624870000003284,0.6843938827514648,0.35710610705402324,"{""bootstrap_count"": 5, ""eta_consolidation"": 0.3, ""eta_exploration"": 0.45, ""interaction_top_k"": 30, ""lambda_interaction"": 0.5, ""lambda_stability"": 0.5, ""reliability_rho"": 0.6, ""reliability_source"": ""resampling"", ""resample_fraction"": 0.8, ""stability_interval"": 2, ""stability_strategy"": ""periodic"", ""weight_schedule"": ""adaptive""}","[0, 1, 6, 9, 12]",0.9661016949152542,0.9652777777777778,0.9652777777777778,0.9484265734265734,0.9827057954964932,0.9672559369738388,0.9652777777777778,0.9827242524916944,0.4986388098722358,0.45918245775388633,0.21413533834586462
wine,A-EHOA,412310,712319,outer_3,repeated_nested_cv,13,7,0.5384615384615384,0.026009615384615426,13,0.4388651999997819,0.21263830000043527,0.35886096954345703,0.3082834047560298,"{""bootstrap_count"": 5, ""eta_consolidation"": 0.3, ""eta_exploration"": 0.45, ""interaction_top_k"": 30, ""lambda_interaction"": 0.5, ""lambda_stability"": 0.5, ""reliability_rho"": 0.6, ""reliability_source"": ""resampling"", ""resample_fraction"": 0.8, ""stability_interval"": 2, ""stability_strategy"": ""periodic"", ""weight_schedule"": ""adaptive""}","[0, 1, 4, 6, 7, 9, 12]",0.9322033898305084,0.9375,0.9335144927536231,0.8988696831053086,0.9963242651201648,0.9912331966279334,0.9375,0.9660575858250277,0.35048339465963385,0.48490911205196924,0.1568372803666922
wine,G-EHOA,412310,712319,outer_3,repeated_nested_cv,13,6,0.46153846153846156,0.021115384615384564,23,0.7057080000013229,0.21176649999961228,0.5762739181518555,0.3336008049372984,"{""bootstrap_count"": 5, ""eta_consolidation"": 0.3, ""eta_exploration"": 0.45, ""interaction_top_k"": 30, ""lambda_interaction"": 0.5, ""lambda_stability"": 0.5, ""reliability_rho"": 0.6, ""reliability_source"": ""resampling"", ""resample_fraction"": 0.8, ""stability_interval"": 2, ""stability_strategy"": ""periodic"", ""weight_schedule"": ""adaptive""}","[0, 1, 6, 7, 9, 12]",0.9491525423728814,0.9444444444444445,0.947333772218565,0.9227803417065618,0.9876153562200075,0.9676867545511613,0.9444444444444445,0.9732004429678849,0.39304182630222967,0.4597791362077076,0.0919428200129957
wine,EHOA,424264,524267,outer_1,repeated_nested_cv,13,7,0.5384615384615384,0.039019230769230764,21,0.5954124999998385,0.2135548000005656,0.5336675643920898,0.3870591379067705,"{""bootstrap_count"": 5, ""eta_consolidation"": 0.3, ""eta_exploration"": 0.45, ""interaction_top_k"": 30, ""lambda_interaction"": 0.5, ""lambda_stability"": 0.5, ""reliability_rho"": 0.6, ""reliability_source"": ""resampling"", ""resample_fraction"": 0.8, ""stability_interval"": 2, ""stability_strategy"": ""periodic"", ""weight_schedule"": ""adaptive""}","[0, 4, 5, 6, 8, 10, 12]",0.95,0.9583333333333334,0.9518037518037518,0.9272258302032949,0.9983820847362513,0.9950335748129865,0.9583333333333334,0.9757575757575757,0.28150382632980775,0.43560296846011126,0.13368573235745895
wine,SF-EHOA,424264,524267,outer_1,repeated_nested_cv,13,7,0.5384615384615384,0.039019230769230764,21,1.2380551000005653,0.21872759999951086,0.7627582550048828,0.3870591379067705,"{""bootstrap_count"": 5, ""eta_consolidation"": 0.3, ""eta_exploration"": 0.45, ""interaction_top_k"": 30, ""lambda_interaction"": 0.5, ""lambda_stability"": 0.5, ""reliability_rho"": 0.6, ""reliability_source"": ""resampling"", ""resample_fraction"": 0.8, ""stability_interval"": 2, ""stability_strategy"": ""periodic"", ""weight_schedule"": ""adaptive""}","[0, 4, 5, 6, 8, 10, 12]",0.95,0.9583333333333334,0.9518037518037518,0.9272258302032949,0.9983820847362513,0.9950335748129865,0.9583333333333334,0.9757575757575757,0.28150382632980775,0.43560296846011126,0.13368573235745895
wine,IG-EHOA,424264,524267,outer_1,repeated_nested_cv,13,7,0.5384615384615384,0.039019230769230764,21,1.2986419999997452,0.22701320000032865,0.7832565307617188,0.3870591379067705,"{""bootstrap_count"": 5, ""eta_consolidation"": 0.3, ""eta_exploration"": 0.45, ""interaction_top_k"": 30, ""lambda_interaction"": 0.5, ""lambda_stability"": 0.5, ""reliability_rho"": 0.6, ""reliability_source"": ""resampling"", ""resample_fraction"": 0.8, ""stability_interval"": 2, ""stability_strategy"": ""periodic"", ""weight_schedule"": ""adaptive""}","[0, 4, 5, 6, 8, 10, 12]",0.95,0.9583333333333334,0.9518037518037518,0.9272258302032949,0.9983820847362513,0.9950335748129865,0.9583333333333334,0.9757575757575757,0.28150382632980775,0.42884422455851023,0.09929356357927788
wine,DFA-EHOA,424264,524267,outer_1,repeated_nested_cv,13,7,0.5384615384615384,0.039019230769230764,21,1.2996618999995917,0.21611759999996139,0.768925666809082,0.3870591379067705,"{""bootstrap_count"": 5, ""eta_consolidation"": 0.3, ""eta_exploration"": 0.45, ""interaction_top_k"": 30, ""lambda_interaction"": 0.5, ""lambda_stability"": 0.5, ""reliability_rho"": 0.6, ""reliability_source"": ""resampling"", ""resample_fraction"": 0.8, ""stability_interval"": 2, ""stability_strategy"": ""periodic"", ""weight_schedule"": ""adaptive""}","[0, 4, 5, 6, 8, 10, 12]",0.95,0.9583333333333334,0.9518037518037518,0.9272258302032949,0.9983820847362513,0.9950335748129865,0.9583333333333334,0.9757575757575757,0.28150382632980775,0.4380698137840995,0.12154195011337876
wine,ECG-EHOA,424264,524267,outer_1,repeated_nested_cv,13,7,0.5384615384615384,0.039019230769230764,21,1.3251540999999634,0.221062499999789,0.7645816802978516,0.3870591379067705,"{""bootstrap_count"": 5, ""consensus_confidence"": 0.2, ""eta_consolidation"": 0.3, ""eta_exploration"": 0.45, ""evidence_floor"": 0.05, ""interaction_top_k"": 30, ""lambda_interaction"": 0.5, ""lambda_stability"": 0.5, ""minimum_trust"": 0.1, ""reliability_rho"": 0.6, ""reliability_source"": ""resampling"", ""resample_fraction"": 0.8, ""stability_interval"": 2, ""stability_strategy"": ""periodic"", ""trust_decay"": 0.85, ""trust_reward"": 0.2, ""weight_schedule"": ""adaptive""}","[0, 4, 5, 6, 8, 10, 12]",0.95,0.9583333333333334,0.9518037518037518,0.9272258302032949,0.9983820847362513,0.9950335748129865,0.9583333333333334,0.9757575757575757,0.28150382632980775,0.4172534608248893,0.08279563408309731
wine,M-EHOA,424264,524267,outer_1,repeated_nested_cv,13,6,0.46153846153846156,0.029788461538461562,45,1.306594199999381,0.24732379999932164,0.6810998916625977,0.3811784475359786,"{""bootstrap_count"": 5, ""eta_consolidation"": 0.3, ""eta_exploration"": 0.45, ""interaction_top_k"": 30, ""lambda_interaction"": 0.5, ""lambda_stability"": 0.5, ""reliability_rho"": 0.6, ""reliability_source"": ""resampling"", ""resample_fraction"": 0.8, ""stability_interval"": 2, ""stability_strategy"": ""periodic"", ""weight_schedule"": ""adaptive""}","[0, 4, 5, 6, 10, 12]",0.9333333333333333,0.9444444444444445,0.9363401456424713,0.9044249810012468,0.9880664281705949,0.9691234932982855,0.9444444444444445,0.9674242424242424,0.44487679626846804,0.45918245775388633,0.21413533834586462
wine,A-EHOA,424264,524267,outer_1,repeated_nested_cv,13,7,0.5384615384615384,0.033342948717948656,13,0.45858380000026955,0.2696543999991263,0.33416175842285156,0.3251705819464722,"{""bootstrap_count"": 5, ""eta_consolidation"": 0.3, ""eta_exploration"": 0.45, ""interaction_top_k"": 30, ""lambda_interaction"": 0.5, ""lambda_stability"": 0.5, ""reliability_rho"": 0.6, ""reliability_source"": ""resampling"", ""resample_fraction"": 0.8, ""stability_interval"": 2, ""stability_strategy"": ""periodic"", ""weight_schedule"": ""adaptive""}","[0, 2, 5, 8, 10, 11, 12]",0.9666666666666667,0.9722222222222222,0.9672761549749884,0.9507851071957562,0.9878580948372616,0.9690051645658263,0.9722222222222222,0.984090909090909,0.5128305114006052,0.48490911205196924,0.1568372803666922
wine,G-EHOA,424264,524267,outer_1,repeated_nested_cv,13,7,0.5384615384615384,0.039019230769230764,21,0.6379157000001214,0.21720840000034514,0.5549392700195312,0.3870591379067705,"{""bootstrap_count"": 5, ""eta_consolidation"": 0.3, ""eta_exploration"": 0.45, ""interaction_top_k"": 30, ""lambda_interaction"": 0.5, ""lambda_stability"": 0.5, ""reliability_rho"": 0.6, ""reliability_source"": ""resampling"", ""resample_fraction"": 0.8, ""stability_interval"": 2, ""stability_strategy"": ""periodic"", ""weight_schedule"": ""adaptive""}","[0, 4, 5, 6, 8, 10, 12]",0.95,0.9583333333333334,0.9518037518037518,0.9272258302032949,0.9983820847362513,0.9950335748129865,0.9583333333333334,0.9757575757575757,0.28150382632980775,0.4597791362077076,0.0919428200129957
wine,EHOA,424264,624270,outer_2,repeated_nested_cv,13,5,0.38461538461538464,0.04594230769230766,24,0.6898572999998578,0.21801939999932074,0.5561313629150391,0.25791571496404864,"{""bootstrap_count"": 5, ""eta_consolidation"": 0.3, ""eta_exploration"": 0.45, ""interaction_top_k"": 30, ""lambda_interaction"": 0.5, ""lambda_stability"": 0.5, ""reliability_rho"": 0.6, ""reliability_source"": ""resampling"", ""resample_fraction"": 0.8, ""stability_interval"": 2, ""stability_strategy"": ""periodic"", ""weight_schedule"": ""adaptive""}","[0, 3, 5, 8, 9]",0.9152542372881356,0.9126811594202898,0.9170462387853693,0.8726039876734616,0.9699779483146521,0.9362012766722785,0.9126811594202898,0.9558404558404558,0.4096709668535398,0.43560296846011126,0.13368573235745895
wine,SF-EHOA,424264,624270,outer_2,repeated_nested_cv,13,5,0.38461538461538464,0.04594230769230766,23,1.2868083000003026,0.23058260000016162,0.7654819488525391,0.25791571496404864,"{""bootstrap_count"": 5, ""eta_consolidation"": 0.3, ""eta_exploration"": 0.45, ""interaction_top_k"": 30, ""lambda_interaction"": 0.5, ""lambda_stability"": 0.5, ""reliability_rho"": 0.6, ""reliability_source"": ""resampling"", ""resample_fraction"": 0.8, ""stability_interval"": 2, ""stability_strategy"": ""periodic"", ""weight_schedule"": ""adaptive""}","[0, 3, 5, 8, 9]",0.9152542372881356,0.9126811594202898,0.9170462387853693,0.8726039876734616,0.9699779483146521,0.9362012766722785,0.9126811594202898,0.9558404558404558,0.4096709668535398,0.43560296846011126,0.13368573235745895
wine,IG-EHOA,424264,624270,outer_2,repeated_nested_cv,13,5,0.38461538461538464,0.04594230769230766,24,1.4241154000001188,0.21951960000023973,0.7821273803710938,0.25791571496404864,"{""bootstrap_count"": 5, ""eta_consolidation"": 0.3, ""eta_exploration"": 0.45, ""interaction_top_k"": 30, ""lambda_interaction"": 0.5, ""lambda_stability"": 0.5, ""reliability_rho"": 0.6, ""reliability_source"": ""resampling"", ""resample_fraction"": 0.8, ""stability_interval"": 2, ""stability_strategy"": ""periodic"", ""weight_schedule"": ""adaptive""}","[0, 3, 5, 8, 9]",0.9152542372881356,0.9126811594202898,0.9170462387853693,0.8726039876734616,0.9699779483146521,0.9362012766722785,0.9126811594202898,0.9558404558404558,0.4096709668535398,0.42884422455851023,0.09929356357927788
wine,DFA-EHOA,424264,624270,outer_2,repeated_nested_cv,13,5,0.38461538461538464,0.04594230769230766,23,1.4740381999999954,0.25459649999993417,0.7738313674926758,0.25791571496404864,"{""bootstrap_count"": 5, ""eta_consolidation"": 0.3, ""eta_exploration"": 0.45, ""interaction_top_k"": 30, ""lambda_interaction"": 0.5, ""lambda_stability"": 0.5, ""reliability_rho"": 0.6, ""reliability_source"": ""resampling"", ""resample_fraction"": 0.8, ""stability_interval"": 2, ""stability_strategy"": ""periodic"", ""weight_schedule"": ""adaptive""}","[0, 3, 5, 8, 9]",0.9152542372881356,0.9126811594202898,0.9170462387853693,0.8726039876734616,0.9699779483146521,0.9362012766722785,0.9126811594202898,0.9558404558404558,0.4096709668535398,0.4380698137840995,0.12154195011337876
wine,ECG-EHOA,424264,624270,outer_2,repeated_nested_cv,13,5,0.38461538461538464,0.04594230769230766,24,1.7968775999997888,0.2616734000002907,0.7749700546264648,0.25791571496404864,"{""bootstrap_count"": 5, ""consensus_confidence"": 0.2, ""eta_consolidation"": 0.3, ""eta_exploration"": 0.45, ""evidence_floor"": 0.05, ""interaction_top_k"": 30, ""lambda_interaction"": 0.5, ""lambda_stability"": 0.5, ""minimum_trust"": 0.1, ""reliability_rho"": 0.6, ""reliability_source"": ""resampling"", ""resample_fraction"": 0.8, ""stability_interval"": 2, ""stability_strategy"": ""periodic"", ""trust_decay"": 0.85, ""trust_reward"": 0.2, ""weight_schedule"": ""adaptive""}","[0, 3, 5, 8, 9]",0.9152542372881356,0.9126811594202898,0.9170462387853693,0.8726039876734616,0.9699779483146521,0.9362012766722785,0.9126811594202898,0.9558404558404558,0.4096709668535398,0.4172534608248893,0.08279563408309731
wine,M-EHOA,424264,624270,outer_2,repeated_nested_cv,13,6,0.46153846153846156,0.03824999999999999,48,1.7473659999996016,0.22246869999980845,0.6629962921142578,0.2867773944807265,"{""bootstrap_count"": 5, ""eta_consolidation"": 0.3, ""eta_exploration"": 0.45, ""interaction_top_k"": 30, ""lambda_interaction"": 0.5, ""lambda_stability"": 0.5, ""reliability_rho"": 0.6, ""reliability_source"": ""resampling"", ""resample_fraction"": 0.8, ""stability_interval"": 2, ""stability_strategy"": ""periodic"", ""weight_schedule"": ""adaptive""}","[0, 3, 5, 8, 9, 10]",0.9661016949152542,0.9710144927536232,0.9689754689754689,0.9503920048508464,0.9858262108262109,0.9715788246388836,0.9710144927536232,0.982905982905983,0.40307145637974245,0.45918245775388633,0.21413533834586462
wine,A-EHOA,424264,624270,outer_2,repeated_nested_cv,13,5,0.38461538461538464,0.038221153846153946,24,1.049425500000325,0.23818670000036946,0.6578273773193359,0.25791571496404864,"{""bootstrap_count"": 5, ""eta_consolidation"": 0.3, ""eta_exploration"": 0.45, ""interaction_top_k"": 30, ""lambda_interaction"": 0.5, ""lambda_stability"": 0.5, ""reliability_rho"": 0.6, ""reliability_source"": ""resampling"", ""resample_fraction"": 0.8, ""stability_interval"": 2, ""stability_strategy"": ""periodic"", ""weight_schedule"": ""adaptive""}","[0, 3, 5, 8, 9]",0.9152542372881356,0.9126811594202898,0.9170462387853693,0.8726039876734616,0.9699779483146521,0.9362012766722785,0.9126811594202898,0.9558404558404558,0.4096709668535398,0.48490911205196924,0.1568372803666922
wine,G-EHOA,424264,624270,outer_2,repeated_nested_cv,13,5,0.38461538461538464,0.04594230769230766,24,0.7665547999995397,0.23150859999987006,0.6423845291137695,0.25791571496404864,"{""bootstrap_count"": 5, ""eta_consolidation"": 0.3, ""eta_exploration"": 0.45, ""interaction_top_k"": 30, ""lambda_interaction"": 0.5, ""lambda_stability"": 0.5, ""reliability_rho"": 0.6, ""reliability_source"": ""resampling"", ""resample_fraction"": 0.8, ""stability_interval"": 2, ""stability_strategy"": ""periodic"", ""weight_schedule"": ""adaptive""}","[0, 3, 5, 8, 9]",0.9152542372881356,0.9126811594202898,0.9170462387853693,0.8726039876734616,0.9699779483146521,0.9362012766722785,0.9126811594202898,0.9558404558404558,0.4096709668535398,0.4597791362077076,0.0919428200129957
wine,EHOA,424264,724273,outer_3,repeated_nested_cv,13,6,0.46153846153846156,0.03782692307692307,13,0.434625099999721,0.2203088000005664,0.4136962890625,0.3022336928052622,"{""bootstrap_count"": 5, ""eta_consolidation"": 0.3, ""eta_exploration"": 0.45, ""interaction_top_k"": 30, ""lambda_interaction"": 0.5, ""lambda_stability"": 0.5, ""reliability_rho"": 0.6, ""reliability_source"": ""resampling"", ""resample_fraction"": 0.8, ""stability_interval"": 2, ""stability_strategy"": ""periodic"", ""weight_schedule"": ""adaptive""}","[0, 1, 7, 9, 10, 12]",0.9152542372881356,0.9199561403508771,0.9129210658622423,0.8749075788996924,0.9758025150084513,0.9416880904536941,0.9199561403508771,0.960077519379845,0.5563254295640756,0.43560296846011126,0.13368573235745895
wine,SF-EHOA,424264,724273,outer_3,repeated_nested_cv,13,6,0.46153846153846156,0.03782692307692307,13,1.046541800000341,0.21801630000027217,0.7506780624389648,0.3022336928052622,"{""bootstrap_count"": 5, ""eta_consolidation"": 0.3, ""eta_exploration"": 0.45, ""interaction_top_k"": 30, ""lambda_interaction"": 0.5, ""lambda_stability"": 0.5, ""reliability_rho"": 0.6, ""reliability_source"": ""resampling"", ""resample_fraction"": 0.8, ""stability_interval"": 2, ""stability_strategy"": ""periodic"", ""weight_schedule"": ""adaptive""}","[0, 1, 7, 9, 10, 12]",0.9152542372881356,0.9199561403508771,0.9129210658622423,0.8749075788996924,0.9758025150084513,0.9416880904536941,0.9199561403508771,0.960077519379845,0.5563254295640756,0.43560296846011126,0.13368573235745895
wine,IG-EHOA,424264,724273,outer_3,repeated_nested_cv,13,8,0.6153846153846154,0.022865384615384562,16,1.4286513999995805,0.29525359999934153,0.7807130813598633,0.2937102382091652,"{""bootstrap_count"": 5, ""eta_consolidation"": 0.3, ""eta_exploration"": 0.45, ""interaction_top_k"": 30, ""lambda_interaction"": 0.5, ""lambda_stability"": 0.5, ""reliability_rho"": 0.6, ""reliability_source"": ""resampling"", ""resample_fraction"": 0.8, ""stability_interval"": 2, ""stability_strategy"": ""periodic"", ""weight_schedule"": ""adaptive""}","[0, 1, 2, 6, 7, 9, 11, 12]",0.9491525423728814,0.9583333333333334,0.9496229260935142,0.9261683010000716,0.975094470672806,0.9402832249123154,0.9583333333333334,0.9761627906976744,0.4612494532795232,0.42884422455851023,0.09929356357927788
wine,DFA-EHOA,424264,724273,outer_3,repeated_nested_cv,13,8,0.6153846153846154,0.022865384615384562,16,1.3720420999998169,0.22497920000023441,0.7375211715698242,0.2937102382091652,"{""bootstrap_count"": 5, ""eta_consolidation"": 0.3, ""eta_exploration"": 0.45, ""interaction_top_k"": 30, ""lambda_interaction"": 0.5, ""lambda_stability"": 0.5, ""reliability_rho"": 0.6, ""reliability_source"": ""resampling"", ""resample_fraction"": 0.8, ""stability_interval"": 2, ""stability_strategy"": ""periodic"", ""weight_schedule"": ""adaptive""}","[0, 1, 2, 6, 7, 9, 11, 12]",0.9491525423728814,0.9583333333333334,0.9496229260935142,0.9261683010000716,0.975094470672806,0.9402832249123154,0.9583333333333334,0.9761627906976744,0.4612494532795232,0.4380698137840995,0.12154195011337876
wine,ECG-EHOA,424264,724273,outer_3,repeated_nested_cv,13,8,0.6153846153846154,0.022865384615384562,16,1.3552447000001848,0.28257620000022143,0.7593832015991211,0.2937102382091652,"{""bootstrap_count"": 5, ""consensus_confidence"": 0.2, ""eta_consolidation"": 0.3, ""eta_exploration"": 0.45, ""evidence_floor"": 0.05, ""interaction_top_k"": 30, ""lambda_interaction"": 0.5, ""lambda_stability"": 0.5, ""minimum_trust"": 0.1, ""reliability_rho"": 0.6, ""reliability_source"": ""resampling"", ""resample_fraction"": 0.8, ""stability_interval"": 2, ""stability_strategy"": ""periodic"", ""trust_decay"": 0.85, ""trust_reward"": 0.2, ""weight_schedule"": ""adaptive""}","[0, 1, 2, 6, 7, 9, 11, 12]",0.9491525423728814,0.9583333333333334,0.9496229260935142,0.9261683010000716,0.975094470672806,0.9402832249123154,0.9583333333333334,0.9761627906976744,0.4612494532795232,0.4172534608248893,0.08279563408309731
wine,M-EHOA,424264,724273,outer_3,repeated_nested_cv,13,6,0.46153846153846156,0.013076923076923052,35,1.0445884999990085,0.21840229999997973,0.6683454513549805,0.33615778347468667,"{""bootstrap_count"": 5, ""eta_consolidation"": 0.3, ""eta_exploration"": 0.45, ""interaction_top_k"": 30, ""lambda_interaction"": 0.5, ""lambda_stability"": 0.5, ""reliability_rho"": 0.6, ""reliability_source"": ""resampling"", ""resample_fraction"": 0.8, ""stability_interval"": 2, ""stability_strategy"": ""periodic"", ""weight_schedule"": ""adaptive""}","[0, 1, 9, 10, 11, 12]",0.9491525423728814,0.9583333333333334,0.9496229260935142,0.9261683010000716,0.9659490295506208,0.9187052735811237,0.9583333333333334,0.9761627906976744,0.6408154145663936,0.45918245775388633,0.21413533834586462
wine,A-EHOA,424264,724273,outer_3,repeated_nested_cv,13,6,0.46153846153846156,0.025698717948717913,18,0.5850675000001502,0.22832130000006146,0.5235929489135742,0.2830058022091073,"{""bootstrap_count"": 5, ""eta_consolidation"": 0.3, ""eta_exploration"": 0.45, ""interaction_top_k"": 30, ""lambda_interaction"": 0.5, ""lambda_stability"": 0.5, ""reliability_rho"": 0.6, ""reliability_source"": ""resampling"", ""resample_fraction"": 0.8, ""stability_interval"": 2, ""stability_strategy"": ""periodic"", ""weight_schedule"": ""adaptive""}","[0, 1, 8, 9, 10, 12]",0.9491525423728814,0.9583333333333334,0.9496229260935142,0.9261683010000716,0.9904574906257894,0.9840317837909275,0.9583333333333334,0.9761627906976744,0.7387824085055467,0.48490911205196924,0.1568372803666922
wine,G-EHOA,424264,724273,outer_3,repeated_nested_cv,13,6,0.46153846153846156,0.03782692307692307,13,0.45470100000056846,0.21787160000076256,0.3915987014770508,0.3022336928052622,"{""bootstrap_count"": 5, ""eta_consolidation"": 0.3, ""eta_exploration"": 0.45, ""interaction_top_k"": 30, ""lambda_interaction"": 0.5, ""lambda_stability"": 0.5, ""reliability_rho"": 0.6, ""reliability_source"": ""resampling"", ""resample_fraction"": 0.8, ""stability_interval"": 2, ""stability_strategy"": ""periodic"", ""weight_schedule"": ""adaptive""}","[0, 1, 7, 9, 10, 12]",0.9152542372881356,0.9199561403508771,0.9129210658622423,0.8749075788996924,0.9758025150084513,0.9416880904536941,0.9199561403508771,0.960077519379845,0.5563254295640756,0.4597791362077076,0.0919428200129957
wine,EHOA,435889,535892,outer_1,repeated_nested_cv,13,7,0.5384615384615384,0.05615384615384631,16,0.5570901000000958,0.2274966000004497,0.3319530487060547,0.27286790947345513,"{""bootstrap_count"": 5, ""eta_consolidation"": 0.3, ""eta_exploration"": 0.45, ""interaction_top_k"": 30, ""lambda_interaction"": 0.5, ""lambda_stability"": 0.5, ""reliability_rho"": 0.6, ""reliability_source"": ""resampling"", ""resample_fraction"": 0.8, ""stability_interval"": 2, ""stability_strategy"": ""periodic"", ""weight_schedule"": ""adaptive""}","[0, 2, 5, 8, 9, 10, 12]",0.95,0.9583333333333334,0.9545219638242894,0.92787927501212,0.9888888888888889,0.9757936507936508,0.9583333333333334,0.975,0.5853256479254415,0.43560296846011126,0.13368573235745895
wine,SF-EHOA,435889,535892,outer_1,repeated_nested_cv,13,7,0.5384615384615384,0.05615384615384631,16,1.1939751999998407,0.23148889999993116,0.7596588134765625,0.27286790947345513,"{""bootstrap_count"": 5, ""eta_consolidation"": 0.3, ""eta_exploration"": 0.45, ""interaction_top_k"": 30, ""lambda_interaction"": 0.5, ""lambda_stability"": 0.5, ""reliability_rho"": 0.6, ""reliability_source"": ""resampling"", ""resample_fraction"": 0.8, ""stability_interval"": 2, ""stability_strategy"": ""periodic"", ""weight_schedule"": ""adaptive""}","[0, 2, 5, 8, 9, 10, 12]",0.95,0.9583333333333334,0.9545219638242894,0.92787927501212,0.9888888888888889,0.9757936507936508,0.9583333333333334,0.975,0.5853256479254415,0.43560296846011126,0.13368573235745895
wine,IG-EHOA,435889,535892,outer_1,repeated_nested_cv,13,7,0.5384615384615384,0.05615384615384631,16,1.3257429999994201,0.2239175000004252,0.7588386535644531,0.27286790947345513,"{""bootstrap_count"": 5, ""eta_consolidation"": 0.3, ""eta_exploration"": 0.45, ""interaction_top_k"": 30, ""lambda_interaction"": 0.5, ""lambda_stability"": 0.5, ""reliability_rho"": 0.6, ""reliability_source"": ""resampling"", ""resample_fraction"": 0.8, ""stability_interval"": 2, ""stability_strategy"": ""periodic"", ""weight_schedule"": ""adaptive""}","[0, 2, 5, 8, 9, 10, 12]",0.95,0.9583333333333334,0.9545219638242894,0.92787927501212,0.9888888888888889,0.9757936507936508,0.9583333333333334,0.975,0.5853256479254415,0.42884422455851023,0.09929356357927788
wine,DFA-EHOA,435889,535892,outer_1,repeated_nested_cv,13,7,0.5384615384615384,0.05615384615384631,16,1.269999000000098,0.22504019999996672,0.7622671127319336,0.27286790947345513,"{""bootstrap_count"": 5, ""eta_consolidation"": 0.3, ""eta_exploration"": 0.45, ""interaction_top_k"": 30, ""lambda_interaction"": 0.5, ""lambda_stability"": 0.5, ""reliability_rho"": 0.6, ""reliability_source"": ""resampling"", ""resample_fraction"": 0.8, ""stability_interval"": 2, ""stability_strategy"": ""periodic"", ""weight_schedule"": ""adaptive""}","[0, 2, 5, 8, 9, 10, 12]",0.95,0.9583333333333334,0.9545219638242894,0.92787927501212,0.9888888888888889,0.9757936507936508,0.9583333333333334,0.975,0.5853256479254415,0.4380698137840995,0.12154195011337876
wine,ECG-EHOA,435889,535892,outer_1,repeated_nested_cv,13,7,0.5384615384615384,0.05615384615384631,16,1.2704006000003574,0.22679869999956281,0.783564567565918,0.27286790947345513,"{""bootstrap_count"": 5, ""consensus_confidence"": 0.2, ""eta_consolidation"": 0.3, ""eta_exploration"": 0.45, ""evidence_floor"": 0.05, ""interaction_top_k"": 30, ""lambda_interaction"": 0.5, ""lambda_stability"": 0.5, ""minimum_trust"": 0.1, ""reliability_rho"": 0.6, ""reliability_source"": ""resampling"", ""resample_fraction"": 0.8, ""stability_interval"": 2, ""stability_strategy"": ""periodic"", ""trust_decay"": 0.85, ""trust_reward"": 0.2, ""weight_schedule"": ""adaptive""}","[0, 2, 5, 8, 9, 10, 12]",0.95,0.9583333333333334,0.9545219638242894,0.92787927501212,0.9888888888888889,0.9757936507936508,0.9583333333333334,0.975,0.5853256479254415,0.4172534608248893,0.08279563408309731
wine,M-EHOA,435889,535892,outer_1,repeated_nested_cv,13,5,0.38461538461538464,0.03769230769230769,37,1.156855799999903,0.25017449999995733,0.5975074768066406,0.348819399818229,"{""bootstrap_count"": 5, ""eta_consolidation"": 0.3, ""eta_exploration"": 0.45, ""interaction_top_k"": 30, ""lambda_interaction"": 0.5, ""lambda_stability"": 0.5, ""reliability_rho"": 0.6, ""reliability_source"": ""resampling"", ""resample_fraction"": 0.8, ""stability_interval"": 2, ""stability_strategy"": ""periodic"", ""weight_schedule"": ""adaptive""}","[0, 5, 9, 10, 12]",0.9666666666666667,0.9722222222222222,0.9696342305037957,0.9510974737567147,0.9869598765432098,0.9733134920634919,0.9722222222222222,0.9833333333333334,0.7190633660227519,0.45918245775388633,0.21413533834586462
wine,A-EHOA,435889,535892,outer_1,repeated_nested_cv,13,7,0.5384615384615384,0.04755128205128209,16,0.6428410999997141,0.33676479999940057,0.28858375549316406,0.27286790947345513,"{""bootstrap_count"": 5, ""eta_consolidation"": 0.3, ""eta_exploration"": 0.45, ""interaction_top_k"": 30, ""lambda_interaction"": 0.5, ""lambda_stability"": 0.5, ""reliability_rho"": 0.6, ""reliability_source"": ""resampling"", ""resample_fraction"": 0.8, ""stability_interval"": 2, ""stability_strategy"": ""periodic"", ""weight_schedule"": ""adaptive""}","[0, 2, 5, 8, 9, 10, 12]",0.95,0.9583333333333334,0.9545219638242894,0.92787927501212,0.9888888888888889,0.9757936507936508,0.9583333333333334,0.975,0.5853256479254415,0.48490911205196924,0.1568372803666922
wine,G-EHOA,435889,535892,outer_1,repeated_nested_cv,13,7,0.5384615384615384,0.05615384615384631,16,0.5545145000005505,0.22476460000052612,0.4386873245239258,0.27286790947345513,"{""bootstrap_count"": 5, ""eta_consolidation"": 0.3, ""eta_exploration"": 0.45, ""interaction_top_k"": 30, ""lambda_interaction"": 0.5, ""lambda_stability"": 0.5, ""reliability_rho"": 0.6, ""reliability_source"": ""resampling"", ""resample_fraction"": 0.8, ""stability_interval"": 2, ""stability_strategy"": ""periodic"", ""weight_schedule"": ""adaptive""}","[0, 2, 5, 8, 9, 10, 12]",0.95,0.9583333333333334,0.9545219638242894,0.92787927501212,0.9888888888888889,0.9757936507936508,0.9583333333333334,0.975,0.5853256479254415,0.4597791362077076,0.0919428200129957
wine,EHOA,435889,635895,outer_2,repeated_nested_cv,13,9,0.6923076923076923,0.03209615384615387,10,0.348846599999888,0.22652080000079877,0.3503389358520508,0.3345493627383532,"{""bootstrap_count"": 5, ""eta_consolidation"": 0.3, ""eta_exploration"": 0.45, ""interaction_top_k"": 30, ""lambda_interaction"": 0.5, ""lambda_stability"": 0.5, ""reliability_rho"": 0.6, ""reliability_source"": ""resampling"", ""resample_fraction"": 0.8, ""stability_interval"": 2, ""stability_strategy"": ""periodic"", ""weight_schedule"": ""adaptive""}","[0, 1, 4, 6, 7, 9, 10, 11, 12]",0.9152542372881356,0.927536231884058,0.9149051490514905,0.8802136394211304,0.9880315413998427,0.9704002236948575,0.927536231884058,0.9596501689524946,0.38895782397795964,0.43560296846011126,0.13368573235745895
wine,SF-EHOA,435889,635895,outer_2,repeated_nested_cv,13,9,0.6923076923076923,0.03209615384615387,10,1.0021701999994548,0.29944419999992533,0.7543449401855469,0.3345493627383532,"{""bootstrap_count"": 5, ""eta_consolidation"": 0.3, ""eta_exploration"": 0.45, ""interaction_top_k"": 30, ""lambda_interaction"": 0.5, ""lambda_stability"": 0.5, ""reliability_rho"": 0.6, ""reliability_source"": ""resampling"", ""resample_fraction"": 0.8, ""stability_interval"": 2, ""stability_strategy"": ""periodic"", ""weight_schedule"": ""adaptive""}","[0, 1, 4, 6, 7, 9, 10, 11, 12]",0.9152542372881356,0.927536231884058,0.9149051490514905,0.8802136394211304,0.9880315413998427,0.9704002236948575,0.927536231884058,0.9596501689524946,0.38895782397795964,0.43560296846011126,0.13368573235745895
wine,IG-EHOA,435889,635895,outer_2,repeated_nested_cv,13,6,0.46153846153846156,0.06257692307692299,12,1.2879023000004963,0.2626652999997532,0.767669677734375,0.2701537140096424,"{""bootstrap_count"": 5, ""eta_consolidation"": 0.3, ""eta_exploration"": 0.45, ""interaction_top_k"": 30, ""lambda_interaction"": 0.5, ""lambda_stability"": 0.5, ""reliability_rho"": 0.6, ""reliability_source"": ""resampling"", ""resample_fraction"": 0.8, ""stability_interval"": 2, ""stability_strategy"": ""periodic"", ""weight_schedule"": ""adaptive""}","[0, 2, 5, 8, 9, 10]",0.9830508474576272,0.9855072463768115,0.9824915824915825,0.9748078289816211,0.9869841403587611,0.9691849459170797,0.9855072463768115,0.9922480620155039,0.4449705020812202,0.42884422455851023,0.09929356357927788
wine,DFA-EHOA,435889,635895,outer_2,repeated_nested_cv,13,6,0.46153846153846156,0.06257692307692299,13,1.3383498000002874,0.24966630000017176,0.7608003616333008,0.2701537140096424,"{""bootstrap_count"": 5, ""eta_consolidation"": 0.3, ""eta_exploration"": 0.45, ""interaction_top_k"": 30, ""lambda_interaction"": 0.5, ""lambda_stability"": 0.5, ""reliability_rho"": 0.6, ""reliability_source"": ""resampling"", ""resample_fraction"": 0.8, ""stability_interval"": 2, ""stability_strategy"": ""periodic"", ""weight_schedule"": ""adaptive""}","[0, 2, 5, 8, 9, 10]",0.9830508474576272,0.9855072463768115,0.9824915824915825,0.9748078289816211,0.9869841403587611,0.9691849459170797,0.9855072463768115,0.9922480620155039,0.4449705020812202,0.4380698137840995,0.12154195011337876
wine,ECG-EHOA,435889,635895,outer_2,repeated_nested_cv,13,6,0.46153846153846156,0.06257692307692299,12,1.36776269999973,0.24535069999910775,0.7667646408081055,0.2701537140096424,"{""bootstrap_count"": 5, ""consensus_confidence"": 0.2, ""eta_consolidation"": 0.3, ""eta_exploration"": 0.45, ""evidence_floor"": 0.05, ""interaction_top_k"": 30, ""lambda_interaction"": 0.5, ""lambda_stability"": 0.5, ""minimum_trust"": 0.1, ""reliability_rho"": 0.6, ""reliability_source"": ""resampling"", ""resample_fraction"": 0.8, ""stability_interval"": 2, ""stability_strategy"": ""periodic"", ""trust_decay"": 0.85, ""trust_reward"": 0.2, ""weight_schedule"": ""adaptive""}","[0, 2, 5, 8, 9, 10]",0.9830508474576272,0.9855072463768115,0.9824915824915825,0.9748078289816211,0.9869841403587611,0.9691849459170797,0.9855072463768115,0.9922480620155039,0.4449705020812202,0.4172534608248893,0.08279563408309731
wine,M-EHOA,435889,635895,outer_2,repeated_nested_cv,13,10,0.7692307692307693,0.024403846153846102,32,0.9018965000004755,0.2438404000004084,0.6781291961669922,0.30623364161080047,"{""bootstrap_count"": 5, ""eta_consolidation"": 0.3, ""eta_exploration"": 0.45, ""interaction_top_k"": 30, ""lambda_interaction"": 0.5, ""lambda_stability"": 0.5, ""reliability_rho"": 0.6, ""reliability_source"": ""resampling"", ""resample_fraction"": 0.8, ""stability_interval"": 2, ""stability_strategy"": ""periodic"", ""weight_schedule"": ""adaptive""}","[0, 1, 2, 4, 6, 7, 9, 10, 11, 12]",0.9491525423728814,0.9565217391304347,0.9507701600724857,0.9261543188007202,0.9882328296446093,0.9704002236948575,0.9565217391304347,0.9751540449214868,0.36991747295912747,0.45918245775388633,0.21413533834586462
wine,A-EHOA,435889,635895,outer_2,repeated_nested_cv,13,9,0.6923076923076923,0.027548076923076967,10,0.3806650999995327,0.25528940000003786,0.3502941131591797,0.3345493627383532,"{""bootstrap_count"": 5, ""eta_consolidation"": 0.3, ""eta_exploration"": 0.45, ""interaction_top_k"": 30, ""lambda_interaction"": 0.5, ""lambda_stability"": 0.5, ""reliability_rho"": 0.6, ""reliability_source"": ""resampling"", ""resample_fraction"": 0.8, ""stability_interval"": 2, ""stability_strategy"": ""periodic"", ""weight_schedule"": ""adaptive""}","[0, 1, 4, 6, 7, 9, 10, 11, 12]",0.9152542372881356,0.927536231884058,0.9149051490514905,0.8802136394211304,0.9880315413998427,0.9704002236948575,0.927536231884058,0.9596501689524946,0.38895782397795964,0.48490911205196924,0.1568372803666922
wine,G-EHOA,435889,635895,outer_2,repeated_nested_cv,13,13,1.0,0.030625000000000045,10,0.5907429999997476,0.2759734000001117,0.3254966735839844,0.31998642985609943,"{""bootstrap_count"": 5, ""eta_consolidation"": 0.3, ""eta_exploration"": 0.45, ""interaction_top_k"": 30, ""lambda_interaction"": 0.5, ""lambda_stability"": 0.5, ""reliability_rho"": 0.6, ""reliability_source"": ""resampling"", ""resample_fraction"": 0.8, ""stability_interval"": 2, ""stability_strategy"": ""periodic"", ""weight_schedule"": ""adaptive""}","[0, 1, 2, 3, 4, 5, 6, 7, 8, 9, 10, 11, 12]",0.9322033898305084,0.9420289855072465,0.9327731092436974,0.902783219919108,0.9763265579494093,0.9446988382678052,0.9420289855072465,0.9674021069369907,0.1952151486549228,0.4597791362077076,0.0919428200129957
wine,EHOA,435889,735898,outer_3,repeated_nested_cv,13,6,0.46153846153846156,0.05411538461538455,23,0.861801000000014,0.22973799999999756,0.4020099639892578,0.30528475750401024,"{""bootstrap_count"": 5, ""eta_consolidation"": 0.3, ""eta_exploration"": 0.45, ""interaction_top_k"": 30, ""lambda_interaction"": 0.5, ""lambda_stability"": 0.5, ""reliability_rho"": 0.6, ""reliability_source"": ""resampling"", ""resample_fraction"": 0.8, ""stability_interval"": 2, ""stability_strategy"": ""periodic"", ""weight_schedule"": ""adaptive""}","[1, 3, 4, 6, 11, 12]",0.9322033898305084,0.9444444444444445,0.9352057156935206,0.9029676444336812,1.0,1.0,0.9444444444444445,0.9672480620155038,0.4718098549021324,0.43560296846011126,0.13368573235745895
wine,SF-EHOA,435889,735898,outer_3,repeated_nested_cv,13,6,0.46153846153846156,0.05411538461538455,24,1.4097594000004392,0.23466439999992872,0.7665700912475586,0.30528475750401024,"{""bootstrap_count"": 5, ""eta_consolidation"": 0.3, ""eta_exploration"": 0.45, ""interaction_top_k"": 30, ""lambda_interaction"": 0.5, ""lambda_stability"": 0.5, ""reliability_rho"": 0.6, ""reliability_source"": ""resampling"", ""resample_fraction"": 0.8, ""stability_interval"": 2, ""stability_strategy"": ""periodic"", ""weight_schedule"": ""adaptive""}","[1, 3, 4, 6, 11, 12]",0.9322033898305084,0.9444444444444445,0.9352057156935206,0.9029676444336812,1.0,1.0,0.9444444444444445,0.9672480620155038,0.4718098549021324,0.43560296846011126,0.13368573235745895
wine,IG-EHOA,435889,735898,outer_3,repeated_nested_cv,13,6,0.46153846153846156,0.05411538461538455,22,1.4208338999997068,0.22627290000036737,0.7825298309326172,0.30528475750401024,"{""bootstrap_count"": 5, ""eta_consolidation"": 0.3, ""eta_exploration"": 0.45, ""interaction_top_k"": 30, ""lambda_interaction"": 0.5, ""lambda_stability"": 0.5, ""reliability_rho"": 0.6, ""reliability_source"": ""resampling"", ""resample_fraction"": 0.8, ""stability_interval"": 2, ""stability_strategy"": ""periodic"", ""weight_schedule"": ""adaptive""}","[1, 3, 4, 6, 11, 12]",0.9322033898305084,0.9444444444444445,0.9352057156935206,0.9029676444336812,1.0,1.0,0.9444444444444445,0.9672480620155038,0.4718098549021324,0.42884422455851023,0.09929356357927788
wine,DFA-EHOA,435889,735898,outer_3,repeated_nested_cv,13,7,0.5384615384615384,0.04663461538461535,25,1.5051461000002746,0.2630160999997315,0.7785577774047852,0.2797888643188947,"{""bootstrap_count"": 5, ""eta_consolidation"": 0.3, ""eta_exploration"": 0.45, ""interaction_top_k"": 30, ""lambda_interaction"": 0.5, ""lambda_stability"": 0.5, ""reliability_rho"": 0.6, ""reliability_source"": ""resampling"", ""resample_fraction"": 0.8, ""stability_interval"": 2, ""stability_strategy"": ""periodic"", ""weight_schedule"": ""adaptive""}","[1, 3, 4, 6, 9, 11, 12]",0.9830508474576272,0.9861111111111112,0.9843607928714312,0.9746960742072988,1.0,1.0,0.9861111111111112,0.9916666666666667,0.513749296332461,0.4380698137840995,0.12154195011337876
wine,ECG-EHOA,435889,735898,outer_3,repeated_nested_cv,13,6,0.46153846153846156,0.05411538461538455,23,1.4300726000001305,0.2216028999991977,0.7878665924072266,0.30528475750401024,"{""bootstrap_count"": 5, ""consensus_confidence"": 0.2, ""eta_consolidation"": 0.3, ""eta_exploration"": 0.45, ""evidence_floor"": 0.05, ""interaction_top_k"": 30, ""lambda_interaction"": 0.5, ""lambda_stability"": 0.5, ""minimum_trust"": 0.1, ""reliability_rho"": 0.6, ""reliability_source"": ""resampling"", ""resample_fraction"": 0.8, ""stability_interval"": 2, ""stability_strategy"": ""periodic"", ""trust_decay"": 0.85, ""trust_reward"": 0.2, ""weight_schedule"": ""adaptive""}","[1, 3, 4, 6, 11, 12]",0.9322033898305084,0.9444444444444445,0.9352057156935206,0.9029676444336812,1.0,1.0,0.9444444444444445,0.9672480620155038,0.4718098549021324,0.4172534608248893,0.08279563408309731
wine,M-EHOA,435889,735898,outer_3,repeated_nested_cv,13,5,0.38461538461538464,0.045096153846153814,46,1.2823574000003646,0.2512833999999202,0.6875143051147461,0.3276636753514218,"{""bootstrap_count"": 5, ""eta_consolidation"": 0.3, ""eta_exploration"": 0.45, ""interaction_top_k"": 30, ""lambda_interaction"": 0.5, ""lambda_stability"": 0.5, ""reliability_rho"": 0.6, ""reliability_source"": ""resampling"", ""resample_fraction"": 0.8, ""stability_interval"": 2, ""stability_strategy"": ""periodic"", ""weight_schedule"": ""adaptive""}","[3, 4, 6, 11, 12]",0.9322033898305084,0.9444444444444445,0.9352057156935206,0.9029676444336812,0.9759966777408637,0.942644750932388,0.9444444444444445,0.9672480620155038,0.48846088996021597,0.45918245775388633,0.21413533834586462
wine,A-EHOA,435889,735898,outer_3,repeated_nested_cv,13,9,0.6923076923076923,0.0573397435897436,20,0.6755717000005461,0.2613223000007565,0.5711183547973633,0.3076306963611619,"{""bootstrap_count"": 5, ""eta_consolidation"": 0.3, ""eta_exploration"": 0.45, ""interaction_top_k"": 30, ""lambda_interaction"": 0.5, ""lambda_stability"": 0.5, ""reliability_rho"": 0.6, ""reliability_source"": ""resampling"", ""resample_fraction"": 0.8, ""stability_interval"": 2, ""stability_strategy"": ""periodic"", ""weight_schedule"": ""adaptive""}","[0, 1, 4, 6, 7, 8, 9, 11, 12]",0.9830508474576272,0.9861111111111112,0.9828067913174295,0.9747322029028748,1.0,1.0,0.9861111111111112,0.9922480620155039,0.40029363137563373,0.48490911205196924,0.1568372803666922
wine,G-EHOA,435889,735898,outer_3,repeated_nested_cv,13,6,0.46153846153846156,0.05411538461538455,23,0.7302907999992385,0.2388122000002113,0.655573844909668,0.30528475750401024,"{""bootstrap_count"": 5, ""eta_consolidation"": 0.3, ""eta_exploration"": 0.45, ""interaction_top_k"": 30, ""lambda_interaction"": 0.5, ""lambda_stability"": 0.5, ""reliability_rho"": 0.6, ""reliability_source"": ""resampling"", ""resample_fraction"": 0.8, ""stability_interval"": 2, ""stability_strategy"": ""periodic"", ""weight_schedule"": ""adaptive""}","[1, 3, 4, 6, 11, 12]",0.9322033898305084,0.9444444444444445,0.9352057156935206,0.9029676444336812,1.0,1.0,0.9444444444444445,0.9672480620155038,0.4718098549021324,0.4597791362077076,0.0919428200129957
